{
    "type": "FeatureCollection",
    "features": [
        {
            "type": "Feature",
            "geometry": {
                "type": "Polygon",
                "coordinates": [
                    [
                        [
                            12.7496,
                            40.616
                        ],
                        [
                            12.7441,
                            40.616
                        ],
                        [
                            12.7386,
                            40.616
                        ],
                        [
                            12.7332,
                            40.616
                        ],
                        [
                            12.7304,
                            40.6181
                        ],
                        [
                            12.7277,
                            40.6202
                        ],
                        [
                            12.7222,
                            40.6202
                        ],
                        [
                            12.7194,
                            40.6223
                        ],
                        [
                            12.7167,
                            40.6244
                        ],
                        [
                            12.7112,
                            40.6244
                        ],
                        [
                            12.7084,
                            40.6265
                        ],
                        [
                            12.7057,
                            40.6285
                        ],
                        [
                            12.7002,
                            40.6285
                        ],
                        [
                            12.6947,
                            40.6285
                        ],
                        [
                            12.692,
                            40.6306
                        ],
                        [
                            12.6892,
                            40.6327
                        ],
                        [
                            12.6865,
                            40.6348
                        ],
                        [
                            12.6837,
                            40.6369
                        ],
                        [
                            12.6782,
                            40.6369
                        ],
                        [
                            12.6755,
                            40.639
                        ],
                        [
                            12.6755,
                            40.6431
                        ],
                        [
                            12.6727,
                            40.6452
                        ],
                        [
                            12.67,
                            40.6473
                        ],
                        [
                            12.67,
                            40.6515
                        ],
                        [
                            12.67,
                            40.6556
                        ],
                        [
                            12.67,
                            40.6598
                        ],
                        [
                            12.67,
                            40.664
                        ],
                        [
                            12.6672,
                            40.6661
                        ],
                        [
                            12.6617,
                            40.6661
                        ],
                        [
                            12.6562,
                            40.6661
                        ],
                        [
                            12.6508,
                            40.6661
                        ],
                        [
                            12.6453,
                            40.6661
                        ],
                        [
                            12.6398,
                            40.6661
                        ],
                        [
                            12.6343,
                            40.6661
                        ],
                        [
                            12.6288,
                            40.6661
                        ],
                        [
                            12.6233,
                            40.6661
                        ],
                        [
                            12.6178,
                            40.6661
                        ],
                        [
                            12.6123,
                            40.6661
                        ],
                        [
                            12.6096,
                            40.6681
                        ],
                        [
                            12.6096,
                            40.6723
                        ],
                        [
                            12.6068,
                            40.6744
                        ],
                        [
                            12.6013,
                            40.6744
                        ],
                        [
                            12.5958,
                            40.6744
                        ],
                        [
                            12.5903,
                            40.6744
                        ],
                        [
                            12.5876,
                            40.6765
                        ],
                        [
                            12.5876,
                            40.6806
                        ],
                        [
                            12.5848,
                            40.6827
                        ],
                        [
                            12.5821,
                            40.6848
                        ],
                        [
                            12.5821,
                            40.689
                        ],
                        [
                            12.5793,
                            40.6911
                        ],
                        [
                            12.5766,
                            40.6931
                        ],
                        [
                            12.5766,
                            40.6973
                        ],
                        [
                            12.5766,
                            40.7015
                        ],
                        [
                            12.5766,
                            40.7056
                        ],
                        [
                            12.5766,
                            40.7098
                        ],
                        [
                            12.5766,
                            40.714
                        ],
                        [
                            12.5766,
                            40.7181
                        ],
                        [
                            12.5766,
                            40.7223
                        ],
                        [
                            12.5739,
                            40.7244
                        ],
                        [
                            12.5711,
                            40.7264
                        ],
                        [
                            12.5684,
                            40.7285
                        ],
                        [
                            12.5656,
                            40.7306
                        ],
                        [
                            12.5656,
                            40.7348
                        ],
                        [
                            12.5629,
                            40.7369
                        ],
                        [
                            12.5601,
                            40.7389
                        ],
                        [
                            12.5574,
                            40.741
                        ],
                        [
                            12.5546,
                            40.7431
                        ],
                        [
                            12.5519,
                            40.7452
                        ],
                        [
                            12.5491,
                            40.7473
                        ],
                        [
                            12.5491,
                            40.7514
                        ],
                        [
                            12.5491,
                            40.7556
                        ],
                        [
                            12.5464,
                            40.7577
                        ],
                        [
                            12.5436,
                            40.7597
                        ],
                        [
                            12.5436,
                            40.7639
                        ],
                        [
                            12.5436,
                            40.7681
                        ],
                        [
                            12.5436,
                            40.7722
                        ],
                        [
                            12.5436,
                            40.7764
                        ],
                        [
                            12.5464,
                            40.7785
                        ],
                        [
                            12.5491,
                            40.7805
                        ],
                        [
                            12.5519,
                            40.7826
                        ],
                        [
                            12.5574,
                            40.7826
                        ],
                        [
                            12.5601,
                            40.7847
                        ],
                        [
                            12.5629,
                            40.7868
                        ],
                        [
                            12.5656,
                            40.7847
                        ],
                        [
                            12.5684,
                            40.7826
                        ],
                        [
                            12.5739,
                            40.7826
                        ],
                        [
                            12.5793,
                            40.7826
                        ],
                        [
                            12.5821,
                            40.7805
                        ],
                        [
                            12.5848,
                            40.7785
                        ],
                        [
                            12.5903,
                            40.7785
                        ],
                        [
                            12.5958,
                            40.7785
                        ],
                        [
                            12.5986,
                            40.7764
                        ],
                        [
                            12.6013,
                            40.7743
                        ],
                        [
                            12.6068,
                            40.7743
                        ],
                        [
                            12.6123,
                            40.7743
                        ],
                        [
                            12.6178,
                            40.7743
                        ],
                        [
                            12.6233,
                            40.7743
                        ],
                        [
                            12.6288,
                            40.7743
                        ],
                        [
                            12.6343,
                            40.7743
                        ],
                        [
                            12.6398,
                            40.7743
                        ],
                        [
                            12.6453,
                            40.7743
                        ],
                        [
                            12.6508,
                            40.7743
                        ],
                        [
                            12.6535,
                            40.7764
                        ],
                        [
                            12.6562,
                            40.7785
                        ],
                        [
                            12.659,
                            40.7805
                        ],
                        [
                            12.6617,
                            40.7826
                        ],
                        [
                            12.6672,
                            40.7826
                        ],
                        [
                            12.67,
                            40.7847
                        ],
                        [
                            12.6727,
                            40.7868
                        ],
                        [
                            12.6755,
                            40.7889
                        ],
                        [
                            12.6782,
                            40.7909
                        ],
                        [
                            12.681,
                            40.793
                        ],
                        [
                            12.681,
                            40.7972
                        ],
                        [
                            12.681,
                            40.8013
                        ],
                        [
                            12.681,
                            40.8055
                        ],
                        [
                            12.681,
                            40.8097
                        ],
                        [
                            12.681,
                            40.8138
                        ],
                        [
                            12.681,
                            40.818
                        ],
                        [
                            12.6837,
                            40.82
                        ],
                        [
                            12.6865,
                            40.8221
                        ],
                        [
                            12.6865,
                            40.8263
                        ],
                        [
                            12.6892,
                            40.8284
                        ],
                        [
                            12.692,
                            40.8304
                        ],
                        [
                            12.692,
                            40.8346
                        ],
                        [
                            12.6947,
                            40.8367
                        ],
                        [
                            12.6974,
                            40.8387
                        ],
                        [
                            12.7002,
                            40.8408
                        ],
                        [
                            12.7029,
                            40.8429
                        ],
                        [
                            12.7057,
                            40.845
                        ],
                        [
                            12.7084,
                            40.8471
                        ],
                        [
                            12.7112,
                            40.8491
                        ],
                        [
                            12.7139,
                            40.8512
                        ],
                        [
                            12.7139,
                            40.8554
                        ],
                        [
                            12.7139,
                            40.8595
                        ],
                        [
                            12.7139,
                            40.8637
                        ],
                        [
                            12.7139,
                            40.8678
                        ],
                        [
                            12.7139,
                            40.872
                        ],
                        [
                            12.7139,
                            40.8761
                        ],
                        [
                            12.7139,
                            40.8803
                        ],
                        [
                            12.7139,
                            40.8844
                        ],
                        [
                            12.7139,
                            40.8886
                        ],
                        [
                            12.7139,
                            40.8928
                        ],
                        [
                            12.7167,
                            40.8948
                        ],
                        [
                            12.7194,
                            40.8969
                        ],
                        [
                            12.7194,
                            40.9011
                        ],
                        [
                            12.7194,
                            40.9052
                        ],
                        [
                            12.7194,
                            40.9094
                        ],
                        [
                            12.7194,
                            40.9135
                        ],
                        [
                            12.7194,
                            40.9177
                        ],
                        [
                            12.7194,
                            40.9218
                        ],
                        [
                            12.7194,
                            40.926
                        ],
                        [
                            12.7194,
                            40.9301
                        ],
                        [
                            12.7194,
                            40.9343
                        ],
                        [
                            12.7167,
                            40.9363
                        ],
                        [
                            12.7112,
                            40.9363
                        ],
                        [
                            12.7084,
                            40.9384
                        ],
                        [
                            12.7084,
                            40.9426
                        ],
                        [
                            12.7057,
                            40.9446
                        ],
                        [
                            12.7002,
                            40.9446
                        ],
                        [
                            12.6974,
                            40.9467
                        ],
                        [
                            12.6947,
                            40.9488
                        ],
                        [
                            12.6892,
                            40.9488
                        ],
                        [
                            12.6865,
                            40.9509
                        ],
                        [
                            12.6837,
                            40.9529
                        ],
                        [
                            12.681,
                            40.955
                        ],
                        [
                            12.681,
                            40.9592
                        ],
                        [
                            12.6782,
                            40.9612
                        ],
                        [
                            12.6755,
                            40.9633
                        ],
                        [
                            12.6755,
                            40.9675
                        ],
                        [
                            12.6755,
                            40.9716
                        ],
                        [
                            12.6755,
                            40.9758
                        ],
                        [
                            12.6727,
                            40.9778
                        ],
                        [
                            12.67,
                            40.9799
                        ],
                        [
                            12.6727,
                            40.982
                        ],
                        [
                            12.6755,
                            40.984
                        ],
                        [
                            12.6755,
                            40.9882
                        ],
                        [
                            12.6755,
                            40.9923
                        ],
                        [
                            12.6755,
                            40.9965
                        ],
                        [
                            12.6755,
                            41.0006
                        ],
                        [
                            12.6755,
                            41.0048
                        ],
                        [
                            12.6755,
                            41.0089
                        ],
                        [
                            12.6755,
                            41.0131
                        ],
                        [
                            12.6727,
                            41.0151
                        ],
                        [
                            12.67,
                            41.0172
                        ],
                        [
                            12.67,
                            41.0214
                        ],
                        [
                            12.67,
                            41.0255
                        ],
                        [
                            12.6672,
                            41.0276
                        ],
                        [
                            12.6645,
                            41.0296
                        ],
                        [
                            12.6645,
                            41.0338
                        ],
                        [
                            12.6672,
                            41.0359
                        ],
                        [
                            12.67,
                            41.0379
                        ],
                        [
                            12.67,
                            41.0421
                        ],
                        [
                            12.67,
                            41.0462
                        ],
                        [
                            12.67,
                            41.0504
                        ],
                        [
                            12.67,
                            41.0545
                        ],
                        [
                            12.67,
                            41.0586
                        ],
                        [
                            12.67,
                            41.0628
                        ],
                        [
                            12.6672,
                            41.0649
                        ],
                        [
                            12.6645,
                            41.0669
                        ],
                        [
                            12.6645,
                            41.0711
                        ],
                        [
                            12.6645,
                            41.0752
                        ],
                        [
                            12.6617,
                            41.0773
                        ],
                        [
                            12.659,
                            41.0794
                        ],
                        [
                            12.659,
                            41.0835
                        ],
                        [
                            12.659,
                            41.0876
                        ],
                        [
                            12.659,
                            41.0918
                        ],
                        [
                            12.659,
                            41.0959
                        ],
                        [
                            12.659,
                            41.1001
                        ],
                        [
                            12.6562,
                            41.1021
                        ],
                        [
                            12.6535,
                            41.1042
                        ],
                        [
                            12.6508,
                            41.1063
                        ],
                        [
                            12.648,
                            41.1083
                        ],
                        [
                            12.6453,
                            41.1104
                        ],
                        [
                            12.6398,
                            41.1104
                        ],
                        [
                            12.6343,
                            41.1104
                        ],
                        [
                            12.6315,
                            41.1125
                        ],
                        [
                            12.6288,
                            41.1145
                        ],
                        [
                            12.626,
                            41.1166
                        ],
                        [
                            12.6233,
                            41.1187
                        ],
                        [
                            12.6178,
                            41.1187
                        ],
                        [
                            12.6151,
                            41.1207
                        ],
                        [
                            12.6123,
                            41.1228
                        ],
                        [
                            12.6068,
                            41.1228
                        ],
                        [
                            12.6013,
                            41.1228
                        ],
                        [
                            12.5958,
                            41.1228
                        ],
                        [
                            12.5903,
                            41.1228
                        ],
                        [
                            12.5848,
                            41.1228
                        ],
                        [
                            12.5821,
                            41.1249
                        ],
                        [
                            12.5793,
                            41.127
                        ],
                        [
                            12.5739,
                            41.127
                        ],
                        [
                            12.5711,
                            41.129
                        ],
                        [
                            12.5684,
                            41.1311
                        ],
                        [
                            12.5656,
                            41.1332
                        ],
                        [
                            12.5629,
                            41.1352
                        ],
                        [
                            12.5601,
                            41.1373
                        ],
                        [
                            12.5574,
                            41.1394
                        ],
                        [
                            12.5519,
                            41.1394
                        ],
                        [
                            12.5491,
                            41.1414
                        ],
                        [
                            12.5491,
                            41.1456
                        ],
                        [
                            12.5464,
                            41.1476
                        ],
                        [
                            12.5436,
                            41.1497
                        ],
                        [
                            12.5409,
                            41.1518
                        ],
                        [
                            12.5381,
                            41.1538
                        ],
                        [
                            12.5354,
                            41.1559
                        ],
                        [
                            12.5299,
                            41.1559
                        ],
                        [
                            12.5272,
                            41.158
                        ],
                        [
                            12.5244,
                            41.16
                        ],
                        [
                            12.5189,
                            41.16
                        ],
                        [
                            12.5134,
                            41.16
                        ],
                        [
                            12.5107,
                            41.1621
                        ],
                        [
                            12.5079,
                            41.1642
                        ],
                        [
                            12.5024,
                            41.1642
                        ],
                        [
                            12.4997,
                            41.1662
                        ],
                        [
                            12.4969,
                            41.1683
                        ],
                        [
                            12.4942,
                            41.1704
                        ],
                        [
                            12.4942,
                            41.1745
                        ],
                        [
                            12.4915,
                            41.1766
                        ],
                        [
                            12.4887,
                            41.1787
                        ],
                        [
                            12.4887,
                            41.1828
                        ],
                        [
                            12.486,
                            41.1849
                        ],
                        [
                            12.4832,
                            41.1869
                        ],
                        [
                            12.4805,
                            41.189
                        ],
                        [
                            12.4777,
                            41.1911
                        ],
                        [
                            12.4777,
                            41.1952
                        ],
                        [
                            12.4777,
                            41.1993
                        ],
                        [
                            12.4777,
                            41.2035
                        ],
                        [
                            12.4777,
                            41.2076
                        ],
                        [
                            12.4777,
                            41.2117
                        ],
                        [
                            12.4777,
                            41.2159
                        ],
                        [
                            12.4777,
                            41.22
                        ],
                        [
                            12.475,
                            41.2221
                        ],
                        [
                            12.4695,
                            41.2221
                        ],
                        [
                            12.4667,
                            41.2241
                        ],
                        [
                            12.464,
                            41.2262
                        ],
                        [
                            12.4612,
                            41.2282
                        ],
                        [
                            12.4585,
                            41.2303
                        ],
                        [
                            12.453,
                            41.2303
                        ],
                        [
                            12.4475,
                            41.2303
                        ],
                        [
                            12.442,
                            41.2303
                        ],
                        [
                            12.4365,
                            41.2303
                        ],
                        [
                            12.4338,
                            41.2324
                        ],
                        [
                            12.431,
                            41.2344
                        ],
                        [
                            12.4255,
                            41.2344
                        ],
                        [
                            12.4228,
                            41.2365
                        ],
                        [
                            12.42,
                            41.2386
                        ],
                        [
                            12.4173,
                            41.2406
                        ],
                        [
                            12.4146,
                            41.2427
                        ],
                        [
                            12.4118,
                            41.2448
                        ],
                        [
                            12.4091,
                            41.2468
                        ],
                        [
                            12.4036,
                            41.2468
                        ],
                        [
                            12.4008,
                            41.2489
                        ],
                        [
                            12.3981,
                            41.251
                        ],
                        [
                            12.3953,
                            41.253
                        ],
                        [
                            12.3926,
                            41.2551
                        ],
                        [
                            12.3898,
                            41.2572
                        ],
                        [
                            12.3871,
                            41.2592
                        ],
                        [
                            12.3843,
                            41.2613
                        ],
                        [
                            12.3816,
                            41.2634
                        ],
                        [
                            12.3788,
                            41.2654
                        ],
                        [
                            12.3761,
                            41.2675
                        ],
                        [
                            12.3706,
                            41.2675
                        ],
                        [
                            12.3679,
                            41.2695
                        ],
                        [
                            12.3651,
                            41.2716
                        ],
                        [
                            12.3596,
                            41.2716
                        ],
                        [
                            12.3569,
                            41.2737
                        ],
                        [
                            12.3541,
                            41.2757
                        ],
                        [
                            12.3486,
                            41.2757
                        ],
                        [
                            12.3459,
                            41.2778
                        ],
                        [
                            12.3459,
                            41.2819
                        ],
                        [
                            12.3431,
                            41.284
                        ],
                        [
                            12.3404,
                            41.2861
                        ],
                        [
                            12.3376,
                            41.2881
                        ],
                        [
                            12.3349,
                            41.2902
                        ],
                        [
                            12.3322,
                            41.2923
                        ],
                        [
                            12.3267,
                            41.2923
                        ],
                        [
                            12.3239,
                            41.2943
                        ],
                        [
                            12.3239,
                            41.2984
                        ],
                        [
                            12.3239,
                            41.3026
                        ],
                        [
                            12.3239,
                            41.3067
                        ],
                        [
                            12.3239,
                            41.3108
                        ],
                        [
                            12.3212,
                            41.3129
                        ],
                        [
                            12.3184,
                            41.3149
                        ],
                        [
                            12.3184,
                            41.3191
                        ],
                        [
                            12.3157,
                            41.3211
                        ],
                        [
                            12.3129,
                            41.3232
                        ],
                        [
                            12.3102,
                            41.3253
                        ],
                        [
                            12.3074,
                            41.3273
                        ],
                        [
                            12.3074,
                            41.3315
                        ],
                        [
                            12.3047,
                            41.3335
                        ],
                        [
                            12.3019,
                            41.3356
                        ],
                        [
                            12.2992,
                            41.3376
                        ],
                        [
                            12.2964,
                            41.3397
                        ],
                        [
                            12.2937,
                            41.3418
                        ],
                        [
                            12.291,
                            41.3438
                        ],
                        [
                            12.2882,
                            41.3459
                        ],
                        [
                            12.2827,
                            41.3459
                        ],
                        [
                            12.28,
                            41.3479
                        ],
                        [
                            12.2772,
                            41.35
                        ],
                        [
                            12.2717,
                            41.35
                        ],
                        [
                            12.269,
                            41.3521
                        ],
                        [
                            12.2662,
                            41.3541
                        ],
                        [
                            12.2607,
                            41.3541
                        ],
                        [
                            12.2552,
                            41.3541
                        ],
                        [
                            12.2498,
                            41.3541
                        ],
                        [
                            12.2443,
                            41.3541
                        ],
                        [
                            12.2415,
                            41.3562
                        ],
                        [
                            12.2388,
                            41.3583
                        ],
                        [
                            12.2333,
                            41.3583
                        ],
                        [
                            12.2278,
                            41.3583
                        ],
                        [
                            12.2223,
                            41.3583
                        ],
                        [
                            12.2195,
                            41.3603
                        ],
                        [
                            12.2168,
                            41.3624
                        ],
                        [
                            12.2113,
                            41.3624
                        ],
                        [
                            12.2086,
                            41.3644
                        ],
                        [
                            12.2058,
                            41.3665
                        ],
                        [
                            12.2003,
                            41.3665
                        ],
                        [
                            12.1976,
                            41.3686
                        ],
                        [
                            12.1948,
                            41.3706
                        ],
                        [
                            12.1921,
                            41.3727
                        ],
                        [
                            12.1893,
                            41.3747
                        ],
                        [
                            12.1866,
                            41.3768
                        ],
                        [
                            12.1838,
                            41.3789
                        ],
                        [
                            12.1811,
                            41.3809
                        ],
                        [
                            12.1783,
                            41.383
                        ],
                        [
                            12.1756,
                            41.3851
                        ],
                        [
                            12.1729,
                            41.3871
                        ],
                        [
                            12.1701,
                            41.3892
                        ],
                        [
                            12.1674,
                            41.3912
                        ],
                        [
                            12.1646,
                            41.3933
                        ],
                        [
                            12.1619,
                            41.3954
                        ],
                        [
                            12.1591,
                            41.3974
                        ],
                        [
                            12.1564,
                            41.3995
                        ],
                        [
                            12.1536,
                            41.4015
                        ],
                        [
                            12.1509,
                            41.4036
                        ],
                        [
                            12.1481,
                            41.4057
                        ],
                        [
                            12.1454,
                            41.4077
                        ],
                        [
                            12.1426,
                            41.4098
                        ],
                        [
                            12.1399,
                            41.4118
                        ],
                        [
                            12.1371,
                            41.4139
                        ],
                        [
                            12.1371,
                            41.418
                        ],
                        [
                            12.1371,
                            41.4221
                        ],
                        [
                            12.1371,
                            41.4263
                        ],
                        [
                            12.1371,
                            41.4304
                        ],
                        [
                            12.1371,
                            41.4345
                        ],
                        [
                            12.1371,
                            41.4386
                        ],
                        [
                            12.1371,
                            41.4427
                        ],
                        [
                            12.1344,
                            41.4448
                        ],
                        [
                            12.1317,
                            41.4468
                        ],
                        [
                            12.1317,
                            41.451
                        ],
                        [
                            12.1289,
                            41.453
                        ],
                        [
                            12.1262,
                            41.4551
                        ],
                        [
                            12.1234,
                            41.4571
                        ],
                        [
                            12.1207,
                            41.4592
                        ],
                        [
                            12.1179,
                            41.4613
                        ],
                        [
                            12.1152,
                            41.4633
                        ],
                        [
                            12.1124,
                            41.4654
                        ],
                        [
                            12.1097,
                            41.4674
                        ],
                        [
                            12.1069,
                            41.4695
                        ],
                        [
                            12.1042,
                            41.4715
                        ],
                        [
                            12.1042,
                            41.4757
                        ],
                        [
                            12.1042,
                            41.4798
                        ],
                        [
                            12.1042,
                            41.4839
                        ],
                        [
                            12.1042,
                            41.488
                        ],
                        [
                            12.1042,
                            41.4921
                        ],
                        [
                            12.1069,
                            41.4942
                        ],
                        [
                            12.1097,
                            41.4962
                        ],
                        [
                            12.1097,
                            41.5003
                        ],
                        [
                            12.1097,
                            41.5045
                        ],
                        [
                            12.1097,
                            41.5086
                        ],
                        [
                            12.1124,
                            41.5106
                        ],
                        [
                            12.1152,
                            41.5127
                        ],
                        [
                            12.1152,
                            41.5168
                        ],
                        [
                            12.1179,
                            41.5189
                        ],
                        [
                            12.1207,
                            41.5209
                        ],
                        [
                            12.1207,
                            41.525
                        ],
                        [
                            12.1207,
                            41.5291
                        ],
                        [
                            12.1207,
                            41.5333
                        ],
                        [
                            12.1207,
                            41.5374
                        ],
                        [
                            12.1207,
                            41.5415
                        ],
                        [
                            12.1207,
                            41.5456
                        ],
                        [
                            12.1207,
                            41.5497
                        ],
                        [
                            12.1207,
                            41.5538
                        ],
                        [
                            12.1207,
                            41.5579
                        ],
                        [
                            12.1179,
                            41.56
                        ],
                        [
                            12.1152,
                            41.562
                        ],
                        [
                            12.1152,
                            41.5661
                        ],
                        [
                            12.1152,
                            41.5703
                        ],
                        [
                            12.1152,
                            41.5744
                        ],
                        [
                            12.1152,
                            41.5785
                        ],
                        [
                            12.1124,
                            41.5805
                        ],
                        [
                            12.1097,
                            41.5826
                        ],
                        [
                            12.1097,
                            41.5867
                        ],
                        [
                            12.1097,
                            41.5908
                        ],
                        [
                            12.1097,
                            41.5949
                        ],
                        [
                            12.1069,
                            41.597
                        ],
                        [
                            12.1042,
                            41.599
                        ],
                        [
                            12.1042,
                            41.6031
                        ],
                        [
                            12.1042,
                            41.6072
                        ],
                        [
                            12.1014,
                            41.6093
                        ],
                        [
                            12.0987,
                            41.6113
                        ],
                        [
                            12.0987,
                            41.6154
                        ],
                        [
                            12.0959,
                            41.6175
                        ],
                        [
                            12.0932,
                            41.6195
                        ],
                        [
                            12.0932,
                            41.6237
                        ],
                        [
                            12.0905,
                            41.6257
                        ],
                        [
                            12.0877,
                            41.6278
                        ],
                        [
                            12.0877,
                            41.6319
                        ],
                        [
                            12.085,
                            41.6339
                        ],
                        [
                            12.0822,
                            41.636
                        ],
                        [
                            12.0822,
                            41.6401
                        ],
                        [
                            12.0795,
                            41.6421
                        ],
                        [
                            12.0767,
                            41.6442
                        ],
                        [
                            12.0767,
                            41.6483
                        ],
                        [
                            12.0767,
                            41.6524
                        ],
                        [
                            12.074,
                            41.6544
                        ],
                        [
                            12.0712,
                            41.6565
                        ],
                        [
                            12.0712,
                            41.6606
                        ],
                        [
                            12.0712,
                            41.6647
                        ],
                        [
                            12.0685,
                            41.6668
                        ],
                        [
                            12.0657,
                            41.6688
                        ],
                        [
                            12.0657,
                            41.6729
                        ],
                        [
                            12.0657,
                            41.677
                        ],
                        [
                            12.0657,
                            41.6811
                        ],
                        [
                            12.0657,
                            41.6852
                        ],
                        [
                            12.0657,
                            41.6893
                        ],
                        [
                            12.063,
                            41.6914
                        ],
                        [
                            12.0602,
                            41.6934
                        ],
                        [
                            12.0602,
                            41.6975
                        ],
                        [
                            12.0602,
                            41.7016
                        ],
                        [
                            12.0602,
                            41.7057
                        ],
                        [
                            12.0602,
                            41.7098
                        ],
                        [
                            12.0602,
                            41.7139
                        ],
                        [
                            12.0575,
                            41.716
                        ],
                        [
                            12.0547,
                            41.718
                        ],
                        [
                            12.0547,
                            41.7221
                        ],
                        [
                            12.0547,
                            41.7262
                        ],
                        [
                            12.052,
                            41.7283
                        ],
                        [
                            12.0493,
                            41.7303
                        ],
                        [
                            12.0493,
                            41.7344
                        ],
                        [
                            12.0465,
                            41.7365
                        ],
                        [
                            12.0438,
                            41.7385
                        ],
                        [
                            12.0438,
                            41.7426
                        ],
                        [
                            12.041,
                            41.7447
                        ],
                        [
                            12.0383,
                            41.7467
                        ],
                        [
                            12.0383,
                            41.7508
                        ],
                        [
                            12.0355,
                            41.7529
                        ],
                        [
                            12.0328,
                            41.7549
                        ],
                        [
                            12.0328,
                            41.759
                        ],
                        [
                            12.03,
                            41.7611
                        ],
                        [
                            12.0273,
                            41.7631
                        ],
                        [
                            12.0273,
                            41.7672
                        ],
                        [
                            12.0273,
                            41.7713
                        ],
                        [
                            12.0273,
                            41.7754
                        ],
                        [
                            12.0273,
                            41.7795
                        ],
                        [
                            12.0273,
                            41.7836
                        ],
                        [
                            12.0273,
                            41.7877
                        ],
                        [
                            12.0273,
                            41.7918
                        ],
                        [
                            12.03,
                            41.7938
                        ],
                        [
                            12.0328,
                            41.7959
                        ],
                        [
                            12.0355,
                            41.7979
                        ],
                        [
                            12.0383,
                            41.8
                        ],
                        [
                            12.0383,
                            41.8041
                        ],
                        [
                            12.041,
                            41.8061
                        ],
                        [
                            12.0465,
                            41.8061
                        ],
                        [
                            12.0493,
                            41.8082
                        ],
                        [
                            12.052,
                            41.8102
                        ],
                        [
                            12.0547,
                            41.8123
                        ],
                        [
                            12.0575,
                            41.8143
                        ],
                        [
                            12.063,
                            41.8143
                        ],
                        [
                            12.0657,
                            41.8164
                        ],
                        [
                            12.0685,
                            41.8184
                        ],
                        [
                            12.074,
                            41.8184
                        ],
                        [
                            12.0795,
                            41.8184
                        ],
                        [
                            12.0822,
                            41.8205
                        ],
                        [
                            12.085,
                            41.8225
                        ],
                        [
                            12.0905,
                            41.8225
                        ],
                        [
                            12.0932,
                            41.8245
                        ],
                        [
                            12.0959,
                            41.8266
                        ],
                        [
                            12.1014,
                            41.8266
                        ],
                        [
                            12.1069,
                            41.8266
                        ],
                        [
                            12.1124,
                            41.8266
                        ],
                        [
                            12.1179,
                            41.8266
                        ],
                        [
                            12.1234,
                            41.8266
                        ],
                        [
                            12.1289,
                            41.8266
                        ],
                        [
                            12.1344,
                            41.8266
                        ],
                        [
                            12.1399,
                            41.8266
                        ],
                        [
                            12.1454,
                            41.8266
                        ],
                        [
                            12.1509,
                            41.8266
                        ],
                        [
                            12.1536,
                            41.8286
                        ],
                        [
                            12.1564,
                            41.8307
                        ],
                        [
                            12.1591,
                            41.8327
                        ],
                        [
                            12.1591,
                            41.8368
                        ],
                        [
                            12.1619,
                            41.8389
                        ],
                        [
                            12.1646,
                            41.8409
                        ],
                        [
                            12.1646,
                            41.845
                        ],
                        [
                            12.1674,
                            41.8471
                        ],
                        [
                            12.1701,
                            41.8491
                        ],
                        [
                            12.1701,
                            41.8532
                        ],
                        [
                            12.1729,
                            41.8552
                        ],
                        [
                            12.1756,
                            41.8573
                        ],
                        [
                            12.1783,
                            41.8593
                        ],
                        [
                            12.1811,
                            41.8614
                        ],
                        [
                            12.1811,
                            41.8655
                        ],
                        [
                            12.1838,
                            41.8675
                        ],
                        [
                            12.1866,
                            41.8696
                        ],
                        [
                            12.1893,
                            41.8716
                        ],
                        [
                            12.1921,
                            41.8737
                        ],
                        [
                            12.1948,
                            41.8757
                        ],
                        [
                            12.1976,
                            41.8777
                        ],
                        [
                            12.2003,
                            41.8798
                        ],
                        [
                            12.2031,
                            41.8818
                        ],
                        [
                            12.2031,
                            41.8859
                        ],
                        [
                            12.2058,
                            41.888
                        ],
                        [
                            12.2086,
                            41.89
                        ],
                        [
                            12.2086,
                            41.8941
                        ],
                        [
                            12.2113,
                            41.8961
                        ],
                        [
                            12.2141,
                            41.8982
                        ],
                        [
                            12.2141,
                            41.9023
                        ],
                        [
                            12.2168,
                            41.9043
                        ],
                        [
                            12.2195,
                            41.9064
                        ],
                        [
                            12.2223,
                            41.9084
                        ],
                        [
                            12.225,
                            41.9105
                        ],
                        [
                            12.225,
                            41.9145
                        ],
                        [
                            12.2278,
                            41.9166
                        ],
                        [
                            12.2305,
                            41.9186
                        ],
                        [
                            12.2305,
                            41.9227
                        ],
                        [
                            12.2305,
                            41.9268
                        ],
                        [
                            12.2305,
                            41.9309
                        ],
                        [
                            12.2305,
                            41.935
                        ],
                        [
                            12.2305,
                            41.9391
                        ],
                        [
                            12.2305,
                            41.9431
                        ],
                        [
                            12.2305,
                            41.9472
                        ],
                        [
                            12.2305,
                            41.9513
                        ],
                        [
                            12.2305,
                            41.9554
                        ],
                        [
                            12.2305,
                            41.9595
                        ],
                        [
                            12.2278,
                            41.9615
                        ],
                        [
                            12.225,
                            41.9636
                        ],
                        [
                            12.225,
                            41.9677
                        ],
                        [
                            12.225,
                            41.9717
                        ],
                        [
                            12.2223,
                            41.9738
                        ],
                        [
                            12.2195,
                            41.9758
                        ],
                        [
                            12.2195,
                            41.9799
                        ],
                        [
                            12.2168,
                            41.982
                        ],
                        [
                            12.2141,
                            41.984
                        ],
                        [
                            12.2113,
                            41.986
                        ],
                        [
                            12.2058,
                            41.986
                        ],
                        [
                            12.2031,
                            41.9881
                        ],
                        [
                            12.2031,
                            41.9922
                        ],
                        [
                            12.2003,
                            41.9942
                        ],
                        [
                            12.1948,
                            41.9942
                        ],
                        [
                            12.1921,
                            41.9962
                        ],
                        [
                            12.1893,
                            41.9983
                        ],
                        [
                            12.1838,
                            41.9983
                        ],
                        [
                            12.1811,
                            42.0003
                        ],
                        [
                            12.1783,
                            42.0024
                        ],
                        [
                            12.1756,
                            42.0044
                        ],
                        [
                            12.1756,
                            42.0085
                        ],
                        [
                            12.1729,
                            42.0105
                        ],
                        [
                            12.1701,
                            42.0126
                        ],
                        [
                            12.1701,
                            42.0167
                        ],
                        [
                            12.1674,
                            42.0187
                        ],
                        [
                            12.1646,
                            42.0207
                        ],
                        [
                            12.1646,
                            42.0248
                        ],
                        [
                            12.1674,
                            42.0269
                        ],
                        [
                            12.1701,
                            42.0289
                        ],
                        [
                            12.1701,
                            42.033
                        ],
                        [
                            12.1701,
                            42.0371
                        ],
                        [
                            12.1701,
                            42.0411
                        ],
                        [
                            12.1729,
                            42.0432
                        ],
                        [
                            12.1756,
                            42.0452
                        ],
                        [
                            12.1756,
                            42.0493
                        ],
                        [
                            12.1783,
                            42.0513
                        ],
                        [
                            12.1811,
                            42.0534
                        ],
                        [
                            12.1811,
                            42.0575
                        ],
                        [
                            12.1838,
                            42.0595
                        ],
                        [
                            12.1866,
                            42.0615
                        ],
                        [
                            12.1893,
                            42.0636
                        ],
                        [
                            12.1921,
                            42.0656
                        ],
                        [
                            12.1921,
                            42.0697
                        ],
                        [
                            12.1948,
                            42.0717
                        ],
                        [
                            12.1976,
                            42.0738
                        ],
                        [
                            12.2003,
                            42.0758
                        ],
                        [
                            12.2031,
                            42.0778
                        ],
                        [
                            12.2058,
                            42.0799
                        ],
                        [
                            12.2086,
                            42.0819
                        ],
                        [
                            12.2113,
                            42.084
                        ],
                        [
                            12.2168,
                            42.084
                        ],
                        [
                            12.2195,
                            42.086
                        ],
                        [
                            12.2223,
                            42.088
                        ],
                        [
                            12.2278,
                            42.088
                        ],
                        [
                            12.2333,
                            42.088
                        ],
                        [
                            12.236,
                            42.0901
                        ],
                        [
                            12.2388,
                            42.0921
                        ],
                        [
                            12.2443,
                            42.0921
                        ],
                        [
                            12.247,
                            42.0941
                        ],
                        [
                            12.2498,
                            42.0962
                        ],
                        [
                            12.2552,
                            42.0962
                        ],
                        [
                            12.258,
                            42.0982
                        ],
                        [
                            12.2607,
                            42.1003
                        ],
                        [
                            12.2635,
                            42.1023
                        ],
                        [
                            12.2662,
                            42.1043
                        ],
                        [
                            12.269,
                            42.1064
                        ],
                        [
                            12.2717,
                            42.1084
                        ],
                        [
                            12.2772,
                            42.1084
                        ],
                        [
                            12.2827,
                            42.1084
                        ],
                        [
                            12.2855,
                            42.1064
                        ],
                        [
                            12.2855,
                            42.1023
                        ],
                        [
                            12.2855,
                            42.0982
                        ],
                        [
                            12.2855,
                            42.0941
                        ],
                        [
                            12.2855,
                            42.0901
                        ],
                        [
                            12.2855,
                            42.086
                        ],
                        [
                            12.2855,
                            42.0819
                        ],
                        [
                            12.2882,
                            42.0799
                        ],
                        [
                            12.291,
                            42.0778
                        ],
                        [
                            12.291,
                            42.0738
                        ],
                        [
                            12.291,
                            42.0697
                        ],
                        [
                            12.2937,
                            42.0676
                        ],
                        [
                            12.2964,
                            42.0656
                        ],
                        [
                            12.2964,
                            42.0615
                        ],
                        [
                            12.2964,
                            42.0575
                        ],
                        [
                            12.2992,
                            42.0554
                        ],
                        [
                            12.3019,
                            42.0534
                        ],
                        [
                            12.3019,
                            42.0493
                        ],
                        [
                            12.3019,
                            42.0452
                        ],
                        [
                            12.3019,
                            42.0411
                        ],
                        [
                            12.3019,
                            42.0371
                        ],
                        [
                            12.3019,
                            42.033
                        ],
                        [
                            12.3019,
                            42.0289
                        ],
                        [
                            12.3019,
                            42.0248
                        ],
                        [
                            12.3019,
                            42.0207
                        ],
                        [
                            12.3019,
                            42.0167
                        ],
                        [
                            12.3019,
                            42.0126
                        ],
                        [
                            12.3047,
                            42.0105
                        ],
                        [
                            12.3074,
                            42.0085
                        ],
                        [
                            12.3102,
                            42.0064
                        ],
                        [
                            12.3129,
                            42.0044
                        ],
                        [
                            12.3129,
                            42.0003
                        ],
                        [
                            12.3129,
                            41.9962
                        ],
                        [
                            12.3157,
                            41.9942
                        ],
                        [
                            12.3184,
                            41.9922
                        ],
                        [
                            12.3212,
                            41.9901
                        ],
                        [
                            12.3239,
                            41.9881
                        ],
                        [
                            12.3267,
                            41.986
                        ],
                        [
                            12.3294,
                            41.984
                        ],
                        [
                            12.3294,
                            41.9799
                        ],
                        [
                            12.3322,
                            41.9779
                        ],
                        [
                            12.3349,
                            41.9758
                        ],
                        [
                            12.3349,
                            41.9717
                        ],
                        [
                            12.3349,
                            41.9677
                        ],
                        [
                            12.3376,
                            41.9656
                        ],
                        [
                            12.3404,
                            41.9636
                        ],
                        [
                            12.3431,
                            41.9615
                        ],
                        [
                            12.3459,
                            41.9595
                        ],
                        [
                            12.3459,
                            41.9554
                        ],
                        [
                            12.3486,
                            41.9534
                        ],
                        [
                            12.3514,
                            41.9513
                        ],
                        [
                            12.3541,
                            41.9493
                        ],
                        [
                            12.3596,
                            41.9493
                        ],
                        [
                            12.3651,
                            41.9493
                        ],
                        [
                            12.3706,
                            41.9493
                        ],
                        [
                            12.3761,
                            41.9493
                        ],
                        [
                            12.3816,
                            41.9493
                        ],
                        [
                            12.3871,
                            41.9493
                        ],
                        [
                            12.3926,
                            41.9493
                        ],
                        [
                            12.3981,
                            41.9493
                        ],
                        [
                            12.4008,
                            41.9513
                        ],
                        [
                            12.4036,
                            41.9534
                        ],
                        [
                            12.4091,
                            41.9534
                        ],
                        [
                            12.4118,
                            41.9513
                        ],
                        [
                            12.4118,
                            41.9472
                        ],
                        [
                            12.4118,
                            41.9431
                        ],
                        [
                            12.4118,
                            41.9391
                        ],
                        [
                            12.4118,
                            41.935
                        ],
                        [
                            12.4091,
                            41.9329
                        ],
                        [
                            12.4063,
                            41.9309
                        ],
                        [
                            12.4063,
                            41.9268
                        ],
                        [
                            12.4063,
                            41.9227
                        ],
                        [
                            12.4063,
                            41.9186
                        ],
                        [
                            12.4063,
                            41.9145
                        ],
                        [
                            12.4063,
                            41.9105
                        ],
                        [
                            12.4063,
                            41.9064
                        ],
                        [
                            12.4091,
                            41.9043
                        ],
                        [
                            12.4118,
                            41.9023
                        ],
                        [
                            12.4146,
                            41.9002
                        ],
                        [
                            12.42,
                            41.9002
                        ],
                        [
                            12.4228,
                            41.8982
                        ],
                        [
                            12.4255,
                            41.8961
                        ],
                        [
                            12.431,
                            41.8961
                        ],
                        [
                            12.4365,
                            41.8961
                        ],
                        [
                            12.4393,
                            41.8941
                        ],
                        [
                            12.442,
                            41.8921
                        ],
                        [
                            12.4475,
                            41.8921
                        ],
                        [
                            12.453,
                            41.8921
                        ],
                        [
                            12.4557,
                            41.89
                        ],
                        [
                            12.4585,
                            41.888
                        ],
                        [
                            12.4612,
                            41.8859
                        ],
                        [
                            12.4612,
                            41.8818
                        ],
                        [
                            12.464,
                            41.8798
                        ],
                        [
                            12.4667,
                            41.8777
                        ],
                        [
                            12.4695,
                            41.8757
                        ],
                        [
                            12.4722,
                            41.8737
                        ],
                        [
                            12.475,
                            41.8716
                        ],
                        [
                            12.4777,
                            41.8696
                        ],
                        [
                            12.4805,
                            41.8675
                        ],
                        [
                            12.4832,
                            41.8655
                        ],
                        [
                            12.486,
                            41.8634
                        ],
                        [
                            12.4887,
                            41.8614
                        ],
                        [
                            12.4887,
                            41.8573
                        ],
                        [
                            12.4915,
                            41.8552
                        ],
                        [
                            12.4942,
                            41.8532
                        ],
                        [
                            12.4969,
                            41.8512
                        ],
                        [
                            12.4997,
                            41.8491
                        ],
                        [
                            12.5024,
                            41.8471
                        ],
                        [
                            12.5079,
                            41.8471
                        ],
                        [
                            12.5107,
                            41.845
                        ],
                        [
                            12.5134,
                            41.843
                        ],
                        [
                            12.5162,
                            41.8409
                        ],
                        [
                            12.5162,
                            41.8368
                        ],
                        [
                            12.5162,
                            41.8327
                        ],
                        [
                            12.5162,
                            41.8286
                        ],
                        [
                            12.5189,
                            41.8266
                        ],
                        [
                            12.5217,
                            41.8245
                        ],
                        [
                            12.5244,
                            41.8225
                        ],
                        [
                            12.5272,
                            41.8205
                        ],
                        [
                            12.5272,
                            41.8164
                        ],
                        [
                            12.5299,
                            41.8143
                        ],
                        [
                            12.5354,
                            41.8143
                        ],
                        [
                            12.5381,
                            41.8123
                        ],
                        [
                            12.5381,
                            41.8082
                        ],
                        [
                            12.5381,
                            41.8041
                        ],
                        [
                            12.5381,
                            41.8
                        ],
                        [
                            12.5381,
                            41.7959
                        ],
                        [
                            12.5381,
                            41.7918
                        ],
                        [
                            12.5381,
                            41.7877
                        ],
                        [
                            12.5381,
                            41.7836
                        ],
                        [
                            12.5381,
                            41.7795
                        ],
                        [
                            12.5381,
                            41.7754
                        ],
                        [
                            12.5381,
                            41.7713
                        ],
                        [
                            12.5409,
                            41.7693
                        ],
                        [
                            12.5436,
                            41.7672
                        ],
                        [
                            12.5436,
                            41.7631
                        ],
                        [
                            12.5464,
                            41.7611
                        ],
                        [
                            12.5491,
                            41.759
                        ],
                        [
                            12.5519,
                            41.757
                        ],
                        [
                            12.5574,
                            41.757
                        ],
                        [
                            12.5601,
                            41.7549
                        ],
                        [
                            12.5629,
                            41.7529
                        ],
                        [
                            12.5684,
                            41.7529
                        ],
                        [
                            12.5739,
                            41.7529
                        ],
                        [
                            12.5766,
                            41.7508
                        ],
                        [
                            12.5793,
                            41.7488
                        ],
                        [
                            12.5848,
                            41.7488
                        ],
                        [
                            12.5903,
                            41.7488
                        ],
                        [
                            12.5931,
                            41.7467
                        ],
                        [
                            12.5958,
                            41.7447
                        ],
                        [
                            12.5986,
                            41.7426
                        ],
                        [
                            12.6013,
                            41.7406
                        ],
                        [
                            12.6041,
                            41.7385
                        ],
                        [
                            12.6041,
                            41.7344
                        ],
                        [
                            12.6068,
                            41.7324
                        ],
                        [
                            12.6096,
                            41.7303
                        ],
                        [
                            12.6123,
                            41.7283
                        ],
                        [
                            12.6151,
                            41.7262
                        ],
                        [
                            12.6151,
                            41.7221
                        ],
                        [
                            12.6178,
                            41.7201
                        ],
                        [
                            12.6233,
                            41.7201
                        ],
                        [
                            12.626,
                            41.718
                        ],
                        [
                            12.6288,
                            41.716
                        ],
                        [
                            12.6343,
                            41.716
                        ],
                        [
                            12.6398,
                            41.716
                        ],
                        [
                            12.6425,
                            41.7139
                        ],
                        [
                            12.6453,
                            41.7119
                        ],
                        [
                            12.648,
                            41.7098
                        ],
                        [
                            12.648,
                            41.7057
                        ],
                        [
                            12.648,
                            41.7016
                        ],
                        [
                            12.648,
                            41.6975
                        ],
                        [
                            12.648,
                            41.6934
                        ],
                        [
                            12.648,
                            41.6893
                        ],
                        [
                            12.648,
                            41.6852
                        ],
                        [
                            12.648,
                            41.6811
                        ],
                        [
                            12.6453,
                            41.6791
                        ],
                        [
                            12.6425,
                            41.677
                        ],
                        [
                            12.6425,
                            41.6729
                        ],
                        [
                            12.6425,
                            41.6688
                        ],
                        [
                            12.6425,
                            41.6647
                        ],
                        [
                            12.6425,
                            41.6606
                        ],
                        [
                            12.6425,
                            41.6565
                        ],
                        [
                            12.6425,
                            41.6524
                        ],
                        [
                            12.6453,
                            41.6503
                        ],
                        [
                            12.648,
                            41.6483
                        ],
                        [
                            12.648,
                            41.6442
                        ],
                        [
                            12.648,
                            41.6401
                        ],
                        [
                            12.6508,
                            41.638
                        ],
                        [
                            12.6535,
                            41.636
                        ],
                        [
                            12.6562,
                            41.6339
                        ],
                        [
                            12.659,
                            41.6319
                        ],
                        [
                            12.6617,
                            41.6298
                        ],
                        [
                            12.6645,
                            41.6278
                        ],
                        [
                            12.6672,
                            41.6257
                        ],
                        [
                            12.67,
                            41.6237
                        ],
                        [
                            12.6727,
                            41.6216
                        ],
                        [
                            12.6782,
                            41.6216
                        ],
                        [
                            12.681,
                            41.6195
                        ],
                        [
                            12.6837,
                            41.6175
                        ],
                        [
                            12.6892,
                            41.6175
                        ],
                        [
                            12.692,
                            41.6154
                        ],
                        [
                            12.6947,
                            41.6134
                        ],
                        [
                            12.6974,
                            41.6113
                        ],
                        [
                            12.7002,
                            41.6093
                        ],
                        [
                            12.7029,
                            41.6072
                        ],
                        [
                            12.7057,
                            41.6052
                        ],
                        [
                            12.7084,
                            41.6031
                        ],
                        [
                            12.7084,
                            41.599
                        ],
                        [
                            12.7112,
                            41.597
                        ],
                        [
                            12.7139,
                            41.5949
                        ],
                        [
                            12.7139,
                            41.5908
                        ],
                        [
                            12.7167,
                            41.5887
                        ],
                        [
                            12.7194,
                            41.5867
                        ],
                        [
                            12.7194,
                            41.5826
                        ],
                        [
                            12.7194,
                            41.5785
                        ],
                        [
                            12.7222,
                            41.5764
                        ],
                        [
                            12.7249,
                            41.5744
                        ],
                        [
                            12.7277,
                            41.5723
                        ],
                        [
                            12.7304,
                            41.5703
                        ],
                        [
                            12.7332,
                            41.5682
                        ],
                        [
                            12.7359,
                            41.5661
                        ],
                        [
                            12.7386,
                            41.5641
                        ],
                        [
                            12.7414,
                            41.562
                        ],
                        [
                            12.7441,
                            41.56
                        ],
                        [
                            12.7469,
                            41.5579
                        ],
                        [
                            12.7496,
                            41.5559
                        ],
                        [
                            12.7524,
                            41.5538
                        ],
                        [
                            12.7551,
                            41.5518
                        ],
                        [
                            12.7606,
                            41.5518
                        ],
                        [
                            12.7634,
                            41.5497
                        ],
                        [
                            12.7661,
                            41.5476
                        ],
                        [
                            12.7716,
                            41.5476
                        ],
                        [
                            12.7744,
                            41.5456
                        ],
                        [
                            12.7771,
                            41.5435
                        ],
                        [
                            12.7826,
                            41.5435
                        ],
                        [
                            12.7853,
                            41.5415
                        ],
                        [
                            12.7881,
                            41.5394
                        ],
                        [
                            12.7936,
                            41.5394
                        ],
                        [
                            12.7991,
                            41.5394
                        ],
                        [
                            12.8018,
                            41.5374
                        ],
                        [
                            12.8046,
                            41.5353
                        ],
                        [
                            12.8101,
                            41.5353
                        ],
                        [
                            12.8128,
                            41.5333
                        ],
                        [
                            12.8156,
                            41.5312
                        ],
                        [
                            12.8183,
                            41.5291
                        ],
                        [
                            12.821,
                            41.5271
                        ],
                        [
                            12.8238,
                            41.525
                        ],
                        [
                            12.8265,
                            41.523
                        ],
                        [
                            12.8293,
                            41.5209
                        ],
                        [
                            12.832,
                            41.5189
                        ],
                        [
                            12.8348,
                            41.5168
                        ],
                        [
                            12.8348,
                            41.5127
                        ],
                        [
                            12.8375,
                            41.5106
                        ],
                        [
                            12.8403,
                            41.5086
                        ],
                        [
                            12.8403,
                            41.5045
                        ],
                        [
                            12.8403,
                            41.5003
                        ],
                        [
                            12.8403,
                            41.4962
                        ],
                        [
                            12.8403,
                            41.4921
                        ],
                        [
                            12.8403,
                            41.488
                        ],
                        [
                            12.8403,
                            41.4839
                        ],
                        [
                            12.8375,
                            41.4818
                        ],
                        [
                            12.8348,
                            41.4798
                        ],
                        [
                            12.8348,
                            41.4757
                        ],
                        [
                            12.8348,
                            41.4715
                        ],
                        [
                            12.832,
                            41.4695
                        ],
                        [
                            12.8293,
                            41.4674
                        ],
                        [
                            12.8265,
                            41.4654
                        ],
                        [
                            12.8238,
                            41.4633
                        ],
                        [
                            12.821,
                            41.4613
                        ],
                        [
                            12.8183,
                            41.4592
                        ],
                        [
                            12.8156,
                            41.4571
                        ],
                        [
                            12.8101,
                            41.4571
                        ],
                        [
                            12.8046,
                            41.4571
                        ],
                        [
                            12.8018,
                            41.4551
                        ],
                        [
                            12.7991,
                            41.453
                        ],
                        [
                            12.7936,
                            41.453
                        ],
                        [
                            12.7908,
                            41.451
                        ],
                        [
                            12.7881,
                            41.4489
                        ],
                        [
                            12.7853,
                            41.4468
                        ],
                        [
                            12.7826,
                            41.4448
                        ],
                        [
                            12.7798,
                            41.4427
                        ],
                        [
                            12.7798,
                            41.4386
                        ],
                        [
                            12.7798,
                            41.4345
                        ],
                        [
                            12.7798,
                            41.4304
                        ],
                        [
                            12.7798,
                            41.4263
                        ],
                        [
                            12.7798,
                            41.4221
                        ],
                        [
                            12.7798,
                            41.418
                        ],
                        [
                            12.7798,
                            41.4139
                        ],
                        [
                            12.7798,
                            41.4098
                        ],
                        [
                            12.7826,
                            41.4077
                        ],
                        [
                            12.7853,
                            41.4057
                        ],
                        [
                            12.7853,
                            41.4015
                        ],
                        [
                            12.7853,
                            41.3974
                        ],
                        [
                            12.7881,
                            41.3954
                        ],
                        [
                            12.7908,
                            41.3933
                        ],
                        [
                            12.7908,
                            41.3892
                        ],
                        [
                            12.7908,
                            41.3851
                        ],
                        [
                            12.7908,
                            41.3809
                        ],
                        [
                            12.7936,
                            41.3789
                        ],
                        [
                            12.7963,
                            41.3768
                        ],
                        [
                            12.7963,
                            41.3727
                        ],
                        [
                            12.7963,
                            41.3686
                        ],
                        [
                            12.7963,
                            41.3644
                        ],
                        [
                            12.7991,
                            41.3624
                        ],
                        [
                            12.8018,
                            41.3603
                        ],
                        [
                            12.8018,
                            41.3562
                        ],
                        [
                            12.8018,
                            41.3521
                        ],
                        [
                            12.8046,
                            41.35
                        ],
                        [
                            12.8073,
                            41.3479
                        ],
                        [
                            12.8101,
                            41.3459
                        ],
                        [
                            12.8128,
                            41.3438
                        ],
                        [
                            12.8156,
                            41.3418
                        ],
                        [
                            12.8183,
                            41.3397
                        ],
                        [
                            12.821,
                            41.3376
                        ],
                        [
                            12.8265,
                            41.3376
                        ],
                        [
                            12.8293,
                            41.3356
                        ],
                        [
                            12.832,
                            41.3335
                        ],
                        [
                            12.8375,
                            41.3335
                        ],
                        [
                            12.843,
                            41.3335
                        ],
                        [
                            12.8458,
                            41.3315
                        ],
                        [
                            12.8485,
                            41.3294
                        ],
                        [
                            12.854,
                            41.3294
                        ],
                        [
                            12.8568,
                            41.3273
                        ],
                        [
                            12.8595,
                            41.3253
                        ],
                        [
                            12.865,
                            41.3253
                        ],
                        [
                            12.8677,
                            41.3232
                        ],
                        [
                            12.8705,
                            41.3211
                        ],
                        [
                            12.876,
                            41.3211
                        ],
                        [
                            12.8787,
                            41.3191
                        ],
                        [
                            12.8815,
                            41.317
                        ],
                        [
                            12.887,
                            41.317
                        ],
                        [
                            12.8925,
                            41.317
                        ],
                        [
                            12.8979,
                            41.317
                        ],
                        [
                            12.9034,
                            41.317
                        ],
                        [
                            12.9089,
                            41.317
                        ],
                        [
                            12.9117,
                            41.3149
                        ],
                        [
                            12.9144,
                            41.3129
                        ],
                        [
                            12.9199,
                            41.3129
                        ],
                        [
                            12.9227,
                            41.3108
                        ],
                        [
                            12.9254,
                            41.3088
                        ],
                        [
                            12.9282,
                            41.3067
                        ],
                        [
                            12.9282,
                            41.3026
                        ],
                        [
                            12.9282,
                            41.2984
                        ],
                        [
                            12.9282,
                            41.2943
                        ],
                        [
                            12.9282,
                            41.2902
                        ],
                        [
                            12.9254,
                            41.2881
                        ],
                        [
                            12.9227,
                            41.2861
                        ],
                        [
                            12.9227,
                            41.2819
                        ],
                        [
                            12.9227,
                            41.2778
                        ],
                        [
                            12.9227,
                            41.2737
                        ],
                        [
                            12.9199,
                            41.2716
                        ],
                        [
                            12.9172,
                            41.2695
                        ],
                        [
                            12.9172,
                            41.2654
                        ],
                        [
                            12.9144,
                            41.2634
                        ],
                        [
                            12.9117,
                            41.2613
                        ],
                        [
                            12.9117,
                            41.2572
                        ],
                        [
                            12.9089,
                            41.2551
                        ],
                        [
                            12.9034,
                            41.2551
                        ],
                        [
                            12.9007,
                            41.253
                        ],
                        [
                            12.9007,
                            41.2489
                        ],
                        [
                            12.8979,
                            41.2468
                        ],
                        [
                            12.8952,
                            41.2448
                        ],
                        [
                            12.8952,
                            41.2406
                        ],
                        [
                            12.8925,
                            41.2386
                        ],
                        [
                            12.8897,
                            41.2365
                        ],
                        [
                            12.887,
                            41.2344
                        ],
                        [
                            12.8842,
                            41.2324
                        ],
                        [
                            12.8815,
                            41.2303
                        ],
                        [
                            12.876,
                            41.2303
                        ],
                        [
                            12.8732,
                            41.2282
                        ],
                        [
                            12.8705,
                            41.2262
                        ],
                        [
                            12.8677,
                            41.2241
                        ],
                        [
                            12.865,
                            41.2221
                        ],
                        [
                            12.8622,
                            41.22
                        ],
                        [
                            12.8595,
                            41.2179
                        ],
                        [
                            12.854,
                            41.2179
                        ],
                        [
                            12.8513,
                            41.2159
                        ],
                        [
                            12.8485,
                            41.2138
                        ],
                        [
                            12.8458,
                            41.2117
                        ],
                        [
                            12.843,
                            41.2097
                        ],
                        [
                            12.8403,
                            41.2076
                        ],
                        [
                            12.8375,
                            41.2055
                        ],
                        [
                            12.8348,
                            41.2035
                        ],
                        [
                            12.832,
                            41.2014
                        ],
                        [
                            12.8293,
                            41.1993
                        ],
                        [
                            12.8293,
                            41.1952
                        ],
                        [
                            12.8293,
                            41.1911
                        ],
                        [
                            12.8293,
                            41.1869
                        ],
                        [
                            12.8293,
                            41.1828
                        ],
                        [
                            12.8293,
                            41.1787
                        ],
                        [
                            12.8293,
                            41.1745
                        ],
                        [
                            12.8293,
                            41.1704
                        ],
                        [
                            12.8293,
                            41.1662
                        ],
                        [
                            12.8293,
                            41.1621
                        ],
                        [
                            12.8293,
                            41.158
                        ],
                        [
                            12.8293,
                            41.1538
                        ],
                        [
                            12.8293,
                            41.1497
                        ],
                        [
                            12.8293,
                            41.1456
                        ],
                        [
                            12.8293,
                            41.1414
                        ],
                        [
                            12.8293,
                            41.1373
                        ],
                        [
                            12.8293,
                            41.1332
                        ],
                        [
                            12.8293,
                            41.129
                        ],
                        [
                            12.8293,
                            41.1249
                        ],
                        [
                            12.8293,
                            41.1207
                        ],
                        [
                            12.832,
                            41.1187
                        ],
                        [
                            12.8348,
                            41.1166
                        ],
                        [
                            12.8348,
                            41.1125
                        ],
                        [
                            12.8375,
                            41.1104
                        ],
                        [
                            12.8403,
                            41.1083
                        ],
                        [
                            12.8403,
                            41.1042
                        ],
                        [
                            12.8403,
                            41.1001
                        ],
                        [
                            12.8403,
                            41.0959
                        ],
                        [
                            12.8403,
                            41.0918
                        ],
                        [
                            12.8403,
                            41.0876
                        ],
                        [
                            12.8403,
                            41.0835
                        ],
                        [
                            12.8375,
                            41.0814
                        ],
                        [
                            12.8348,
                            41.0794
                        ],
                        [
                            12.832,
                            41.0773
                        ],
                        [
                            12.8293,
                            41.0752
                        ],
                        [
                            12.8293,
                            41.0711
                        ],
                        [
                            12.8293,
                            41.0669
                        ],
                        [
                            12.8265,
                            41.0649
                        ],
                        [
                            12.8238,
                            41.0628
                        ],
                        [
                            12.821,
                            41.0607
                        ],
                        [
                            12.8183,
                            41.0586
                        ],
                        [
                            12.8156,
                            41.0566
                        ],
                        [
                            12.8101,
                            41.0566
                        ],
                        [
                            12.8073,
                            41.0545
                        ],
                        [
                            12.8046,
                            41.0524
                        ],
                        [
                            12.8018,
                            41.0504
                        ],
                        [
                            12.7991,
                            41.0483
                        ],
                        [
                            12.7936,
                            41.0483
                        ],
                        [
                            12.7908,
                            41.0462
                        ],
                        [
                            12.7881,
                            41.0441
                        ],
                        [
                            12.7826,
                            41.0441
                        ],
                        [
                            12.7771,
                            41.0441
                        ],
                        [
                            12.7716,
                            41.0441
                        ],
                        [
                            12.7661,
                            41.0441
                        ],
                        [
                            12.7634,
                            41.0462
                        ],
                        [
                            12.7634,
                            41.0504
                        ],
                        [
                            12.7634,
                            41.0545
                        ],
                        [
                            12.7634,
                            41.0586
                        ],
                        [
                            12.7606,
                            41.0607
                        ],
                        [
                            12.7579,
                            41.0628
                        ],
                        [
                            12.7551,
                            41.0649
                        ],
                        [
                            12.7496,
                            41.0649
                        ],
                        [
                            12.7441,
                            41.0649
                        ],
                        [
                            12.7386,
                            41.0649
                        ],
                        [
                            12.7332,
                            41.0649
                        ],
                        [
                            12.7277,
                            41.0649
                        ],
                        [
                            12.7222,
                            41.0649
                        ],
                        [
                            12.7167,
                            41.0649
                        ],
                        [
                            12.7112,
                            41.0649
                        ],
                        [
                            12.7057,
                            41.0649
                        ],
                        [
                            12.7029,
                            41.0628
                        ],
                        [
                            12.7029,
                            41.0586
                        ],
                        [
                            12.7029,
                            41.0545
                        ],
                        [
                            12.7029,
                            41.0504
                        ],
                        [
                            12.7029,
                            41.0462
                        ],
                        [
                            12.7029,
                            41.0421
                        ],
                        [
                            12.7029,
                            41.0379
                        ],
                        [
                            12.7029,
                            41.0338
                        ],
                        [
                            12.7057,
                            41.0317
                        ],
                        [
                            12.7112,
                            41.0317
                        ],
                        [
                            12.7167,
                            41.0317
                        ],
                        [
                            12.7194,
                            41.0296
                        ],
                        [
                            12.7222,
                            41.0276
                        ],
                        [
                            12.7277,
                            41.0276
                        ],
                        [
                            12.7332,
                            41.0276
                        ],
                        [
                            12.7386,
                            41.0276
                        ],
                        [
                            12.7441,
                            41.0276
                        ],
                        [
                            12.7496,
                            41.0276
                        ],
                        [
                            12.7524,
                            41.0255
                        ],
                        [
                            12.7524,
                            41.0214
                        ],
                        [
                            12.7496,
                            41.0193
                        ],
                        [
                            12.7469,
                            41.0172
                        ],
                        [
                            12.7469,
                            41.0131
                        ],
                        [
                            12.7441,
                            41.011
                        ],
                        [
                            12.7414,
                            41.0089
                        ],
                        [
                            12.7414,
                            41.0048
                        ],
                        [
                            12.7386,
                            41.0027
                        ],
                        [
                            12.7359,
                            41.0006
                        ],
                        [
                            12.7359,
                            40.9965
                        ],
                        [
                            12.7332,
                            40.9944
                        ],
                        [
                            12.7304,
                            40.9923
                        ],
                        [
                            12.7304,
                            40.9882
                        ],
                        [
                            12.7304,
                            40.984
                        ],
                        [
                            12.7304,
                            40.9799
                        ],
                        [
                            12.7304,
                            40.9758
                        ],
                        [
                            12.7304,
                            40.9716
                        ],
                        [
                            12.7304,
                            40.9675
                        ],
                        [
                            12.7332,
                            40.9654
                        ],
                        [
                            12.7359,
                            40.9633
                        ],
                        [
                            12.7386,
                            40.9612
                        ],
                        [
                            12.7414,
                            40.9592
                        ],
                        [
                            12.7441,
                            40.9571
                        ],
                        [
                            12.7469,
                            40.955
                        ],
                        [
                            12.7496,
                            40.9529
                        ],
                        [
                            12.7524,
                            40.9509
                        ],
                        [
                            12.7551,
                            40.9488
                        ],
                        [
                            12.7579,
                            40.9467
                        ],
                        [
                            12.7606,
                            40.9446
                        ],
                        [
                            12.7634,
                            40.9426
                        ],
                        [
                            12.7661,
                            40.9405
                        ],
                        [
                            12.7716,
                            40.9405
                        ],
                        [
                            12.7744,
                            40.9384
                        ],
                        [
                            12.7771,
                            40.9363
                        ],
                        [
                            12.7798,
                            40.9343
                        ],
                        [
                            12.7826,
                            40.9322
                        ],
                        [
                            12.7881,
                            40.9322
                        ],
                        [
                            12.7908,
                            40.9301
                        ],
                        [
                            12.7936,
                            40.928
                        ],
                        [
                            12.7963,
                            40.926
                        ],
                        [
                            12.7991,
                            40.9239
                        ],
                        [
                            12.8018,
                            40.9218
                        ],
                        [
                            12.8018,
                            40.9177
                        ],
                        [
                            12.8018,
                            40.9135
                        ],
                        [
                            12.8046,
                            40.9114
                        ],
                        [
                            12.8073,
                            40.9094
                        ],
                        [
                            12.8073,
                            40.9052
                        ],
                        [
                            12.8073,
                            40.9011
                        ],
                        [
                            12.8073,
                            40.8969
                        ],
                        [
                            12.8073,
                            40.8928
                        ],
                        [
                            12.8073,
                            40.8886
                        ],
                        [
                            12.8073,
                            40.8844
                        ],
                        [
                            12.8073,
                            40.8803
                        ],
                        [
                            12.8101,
                            40.8782
                        ],
                        [
                            12.8128,
                            40.8761
                        ],
                        [
                            12.8128,
                            40.872
                        ],
                        [
                            12.8128,
                            40.8678
                        ],
                        [
                            12.8128,
                            40.8637
                        ],
                        [
                            12.8128,
                            40.8595
                        ],
                        [
                            12.8128,
                            40.8554
                        ],
                        [
                            12.8128,
                            40.8512
                        ],
                        [
                            12.8101,
                            40.8491
                        ],
                        [
                            12.8073,
                            40.8471
                        ],
                        [
                            12.8073,
                            40.8429
                        ],
                        [
                            12.8046,
                            40.8408
                        ],
                        [
                            12.8018,
                            40.8387
                        ],
                        [
                            12.7991,
                            40.8367
                        ],
                        [
                            12.7963,
                            40.8346
                        ],
                        [
                            12.7936,
                            40.8325
                        ],
                        [
                            12.7908,
                            40.8304
                        ],
                        [
                            12.7881,
                            40.8284
                        ],
                        [
                            12.7853,
                            40.8263
                        ],
                        [
                            12.7826,
                            40.8242
                        ],
                        [
                            12.7798,
                            40.8221
                        ],
                        [
                            12.7771,
                            40.82
                        ],
                        [
                            12.7744,
                            40.818
                        ],
                        [
                            12.7744,
                            40.8138
                        ],
                        [
                            12.7716,
                            40.8117
                        ],
                        [
                            12.7689,
                            40.8097
                        ],
                        [
                            12.7689,
                            40.8055
                        ],
                        [
                            12.7661,
                            40.8034
                        ],
                        [
                            12.7634,
                            40.8013
                        ],
                        [
                            12.7606,
                            40.7993
                        ],
                        [
                            12.7579,
                            40.7972
                        ],
                        [
                            12.7579,
                            40.793
                        ],
                        [
                            12.7551,
                            40.7909
                        ],
                        [
                            12.7496,
                            40.7909
                        ],
                        [
                            12.7469,
                            40.7889
                        ],
                        [
                            12.7469,
                            40.7847
                        ],
                        [
                            12.7441,
                            40.7826
                        ],
                        [
                            12.7386,
                            40.7826
                        ],
                        [
                            12.7359,
                            40.7805
                        ],
                        [
                            12.7359,
                            40.7764
                        ],
                        [
                            12.7332,
                            40.7743
                        ],
                        [
                            12.7304,
                            40.7722
                        ],
                        [
                            12.7277,
                            40.7701
                        ],
                        [
                            12.7249,
                            40.7681
                        ],
                        [
                            12.7249,
                            40.7639
                        ],
                        [
                            12.7222,
                            40.7618
                        ],
                        [
                            12.7194,
                            40.7597
                        ],
                        [
                            12.7194,
                            40.7556
                        ],
                        [
                            12.7167,
                            40.7535
                        ],
                        [
                            12.7139,
                            40.7514
                        ],
                        [
                            12.7112,
                            40.7493
                        ],
                        [
                            12.7084,
                            40.7473
                        ],
                        [
                            12.7084,
                            40.7431
                        ],
                        [
                            12.7084,
                            40.7389
                        ],
                        [
                            12.7057,
                            40.7369
                        ],
                        [
                            12.7002,
                            40.7369
                        ],
                        [
                            12.6974,
                            40.7348
                        ],
                        [
                            12.6974,
                            40.7306
                        ],
                        [
                            12.6947,
                            40.7285
                        ],
                        [
                            12.692,
                            40.7264
                        ],
                        [
                            12.692,
                            40.7223
                        ],
                        [
                            12.692,
                            40.7181
                        ],
                        [
                            12.692,
                            40.714
                        ],
                        [
                            12.692,
                            40.7098
                        ],
                        [
                            12.692,
                            40.7056
                        ],
                        [
                            12.692,
                            40.7015
                        ],
                        [
                            12.692,
                            40.6973
                        ],
                        [
                            12.6947,
                            40.6952
                        ],
                        [
                            12.7002,
                            40.6952
                        ],
                        [
                            12.7057,
                            40.6952
                        ],
                        [
                            12.7112,
                            40.6952
                        ],
                        [
                            12.7139,
                            40.6931
                        ],
                        [
                            12.7139,
                            40.689
                        ],
                        [
                            12.7167,
                            40.6869
                        ],
                        [
                            12.7194,
                            40.6848
                        ],
                        [
                            12.7194,
                            40.6806
                        ],
                        [
                            12.7222,
                            40.6786
                        ],
                        [
                            12.7249,
                            40.6765
                        ],
                        [
                            12.7277,
                            40.6744
                        ],
                        [
                            12.7304,
                            40.6723
                        ],
                        [
                            12.7304,
                            40.6681
                        ],
                        [
                            12.7304,
                            40.664
                        ],
                        [
                            12.7304,
                            40.6598
                        ],
                        [
                            12.7304,
                            40.6556
                        ],
                        [
                            12.7332,
                            40.6536
                        ],
                        [
                            12.7359,
                            40.6515
                        ],
                        [
                            12.7386,
                            40.6494
                        ],
                        [
                            12.7441,
                            40.6494
                        ],
                        [
                            12.7469,
                            40.6473
                        ],
                        [
                            12.7469,
                            40.6431
                        ],
                        [
                            12.7496,
                            40.6411
                        ],
                        [
                            12.7524,
                            40.639
                        ],
                        [
                            12.7524,
                            40.6348
                        ],
                        [
                            12.7551,
                            40.6327
                        ],
                        [
                            12.7579,
                            40.6306
                        ],
                        [
                            12.7579,
                            40.6265
                        ],
                        [
                            12.7579,
                            40.6223
                        ],
                        [
                            12.7551,
                            40.6202
                        ],
                        [
                            12.7524,
                            40.6181
                        ],
                        [
                            12.7496,
                            40.616
                        ]
                    ]
                ]
            },
            "properties": {
                "id": "CELL_1",
                "height": 33522,
                "intensity": "Intensa",
                "speed_kmh": 43.6,
                "eta": "Roma: ~65 min, Latina: ~48 min",
                "cep_km": 4.2,
                "vis": "Obliquo / High Shear",
                "lifecycle": "Genesi (Growth)",
                "echo_top": "14.5 km",
                "vil": "798.6 kg/m\u00b2",
                "qpe": "462.3 mm/h",
                "flash_rate": "735 stim/min",
                "motion": "Avvezione Standard",
                "type": "volumetric_cell"
            }
        },
        {
            "type": "Feature",
            "geometry": {
                "type": "LineString",
                "coordinates": [
                    [
                        12.4593,
                        41.4098
                    ],
                    [
                        12.4772,
                        41.4728
                    ]
                ]
            },
            "properties": {
                "id": "PATH_1",
                "type": "actual_path"
            }
        },
        {
            "type": "Feature",
            "geometry": {
                "type": "LineString",
                "coordinates": [
                    [
                        12.4772,
                        41.4728
                    ],
                    [
                        12.5309,
                        41.6618
                    ]
                ]
            },
            "properties": {
                "id": "CELL_1",
                "height": 33522,
                "intensity": "Intensa",
                "speed_kmh": 43.6,
                "eta": "Roma: ~65 min, Latina: ~48 min",
                "cep_km": 4.2,
                "vis": "Obliquo / High Shear",
                "lifecycle": "Genesi (Growth)",
                "echo_top": "14.5 km",
                "vil": "798.6 kg/m\u00b2",
                "qpe": "462.3 mm/h",
                "flash_rate": "735 stim/min",
                "motion": "Avvezione Standard",
                "type": "forecast_path"
            }
        },
        {
            "type": "Feature",
            "geometry": {
                "type": "Point",
                "coordinates": [
                    12.4772,
                    41.4728
                ]
            },
            "properties": {
                "id": "CELL_1",
                "height": 33522,
                "intensity": "Intensa",
                "speed_kmh": 43.6,
                "eta": "Roma: ~65 min, Latina: ~48 min",
                "cep_km": 4.2,
                "vis": "Obliquo / High Shear",
                "lifecycle": "Genesi (Growth)",
                "echo_top": "14.5 km",
                "vil": "798.6 kg/m\u00b2",
                "qpe": "462.3 mm/h",
                "flash_rate": "735 stim/min",
                "motion": "Avvezione Standard",
                "type": "centroid"
            }
        },
        {
            "type": "Feature",
            "geometry": {
                "type": "Polygon",
                "coordinates": [
                    [
                        [
                            13.4583,
                            40.7077
                        ],
                        [
                            13.4528,
                            40.7077
                        ],
                        [
                            13.4473,
                            40.7077
                        ],
                        [
                            13.4418,
                            40.7077
                        ],
                        [
                            13.4363,
                            40.7077
                        ],
                        [
                            13.4308,
                            40.7077
                        ],
                        [
                            13.428,
                            40.7098
                        ],
                        [
                            13.428,
                            40.714
                        ],
                        [
                            13.4253,
                            40.716
                        ],
                        [
                            13.4225,
                            40.7181
                        ],
                        [
                            13.4198,
                            40.7202
                        ],
                        [
                            13.4171,
                            40.7223
                        ],
                        [
                            13.4171,
                            40.7264
                        ],
                        [
                            13.4171,
                            40.7306
                        ],
                        [
                            13.4171,
                            40.7348
                        ],
                        [
                            13.4171,
                            40.7389
                        ],
                        [
                            13.4171,
                            40.7431
                        ],
                        [
                            13.4171,
                            40.7473
                        ],
                        [
                            13.4171,
                            40.7514
                        ],
                        [
                            13.4171,
                            40.7556
                        ],
                        [
                            13.4171,
                            40.7597
                        ],
                        [
                            13.4171,
                            40.7639
                        ],
                        [
                            13.4171,
                            40.7681
                        ],
                        [
                            13.4171,
                            40.7722
                        ],
                        [
                            13.4143,
                            40.7743
                        ],
                        [
                            13.4116,
                            40.7764
                        ],
                        [
                            13.4116,
                            40.7805
                        ],
                        [
                            13.4116,
                            40.7847
                        ],
                        [
                            13.4088,
                            40.7868
                        ],
                        [
                            13.4061,
                            40.7889
                        ],
                        [
                            13.4061,
                            40.793
                        ],
                        [
                            13.4061,
                            40.7972
                        ],
                        [
                            13.4061,
                            40.8013
                        ],
                        [
                            13.4061,
                            40.8055
                        ],
                        [
                            13.4061,
                            40.8097
                        ],
                        [
                            13.4088,
                            40.8117
                        ],
                        [
                            13.4116,
                            40.8138
                        ],
                        [
                            13.4116,
                            40.818
                        ],
                        [
                            13.4116,
                            40.8221
                        ],
                        [
                            13.4116,
                            40.8263
                        ],
                        [
                            13.4143,
                            40.8284
                        ],
                        [
                            13.4171,
                            40.8304
                        ],
                        [
                            13.4171,
                            40.8346
                        ],
                        [
                            13.4171,
                            40.8387
                        ],
                        [
                            13.4171,
                            40.8429
                        ],
                        [
                            13.4171,
                            40.8471
                        ],
                        [
                            13.4198,
                            40.8491
                        ],
                        [
                            13.4225,
                            40.8512
                        ],
                        [
                            13.4225,
                            40.8554
                        ],
                        [
                            13.4225,
                            40.8595
                        ],
                        [
                            13.4225,
                            40.8637
                        ],
                        [
                            13.4225,
                            40.8678
                        ],
                        [
                            13.4225,
                            40.872
                        ],
                        [
                            13.4225,
                            40.8761
                        ],
                        [
                            13.4225,
                            40.8803
                        ],
                        [
                            13.4225,
                            40.8844
                        ],
                        [
                            13.4225,
                            40.8886
                        ],
                        [
                            13.4225,
                            40.8928
                        ],
                        [
                            13.4225,
                            40.8969
                        ],
                        [
                            13.4225,
                            40.9011
                        ],
                        [
                            13.4225,
                            40.9052
                        ],
                        [
                            13.4225,
                            40.9094
                        ],
                        [
                            13.4225,
                            40.9135
                        ],
                        [
                            13.4253,
                            40.9156
                        ],
                        [
                            13.428,
                            40.9177
                        ],
                        [
                            13.428,
                            40.9218
                        ],
                        [
                            13.4308,
                            40.9239
                        ],
                        [
                            13.4335,
                            40.926
                        ],
                        [
                            13.4335,
                            40.9301
                        ],
                        [
                            13.4363,
                            40.9322
                        ],
                        [
                            13.439,
                            40.9343
                        ],
                        [
                            13.439,
                            40.9384
                        ],
                        [
                            13.439,
                            40.9426
                        ],
                        [
                            13.439,
                            40.9467
                        ],
                        [
                            13.439,
                            40.9509
                        ],
                        [
                            13.439,
                            40.955
                        ],
                        [
                            13.439,
                            40.9592
                        ],
                        [
                            13.439,
                            40.9633
                        ],
                        [
                            13.439,
                            40.9675
                        ],
                        [
                            13.439,
                            40.9716
                        ],
                        [
                            13.439,
                            40.9758
                        ],
                        [
                            13.4363,
                            40.9778
                        ],
                        [
                            13.4308,
                            40.9778
                        ],
                        [
                            13.428,
                            40.9799
                        ],
                        [
                            13.4253,
                            40.982
                        ],
                        [
                            13.4198,
                            40.982
                        ],
                        [
                            13.4143,
                            40.982
                        ],
                        [
                            13.4088,
                            40.982
                        ],
                        [
                            13.4033,
                            40.982
                        ],
                        [
                            13.3978,
                            40.982
                        ],
                        [
                            13.3923,
                            40.982
                        ],
                        [
                            13.3868,
                            40.982
                        ],
                        [
                            13.3841,
                            40.9799
                        ],
                        [
                            13.3813,
                            40.9778
                        ],
                        [
                            13.3786,
                            40.9758
                        ],
                        [
                            13.3759,
                            40.9737
                        ],
                        [
                            13.3704,
                            40.9737
                        ],
                        [
                            13.3649,
                            40.9737
                        ],
                        [
                            13.3594,
                            40.9737
                        ],
                        [
                            13.3539,
                            40.9737
                        ],
                        [
                            13.3511,
                            40.9758
                        ],
                        [
                            13.3539,
                            40.9778
                        ],
                        [
                            13.3566,
                            40.9799
                        ],
                        [
                            13.3566,
                            40.984
                        ],
                        [
                            13.3566,
                            40.9882
                        ],
                        [
                            13.3566,
                            40.9923
                        ],
                        [
                            13.3566,
                            40.9965
                        ],
                        [
                            13.3566,
                            41.0006
                        ],
                        [
                            13.3566,
                            41.0048
                        ],
                        [
                            13.3566,
                            41.0089
                        ],
                        [
                            13.3566,
                            41.0131
                        ],
                        [
                            13.3594,
                            41.0151
                        ],
                        [
                            13.3621,
                            41.0172
                        ],
                        [
                            13.3649,
                            41.0193
                        ],
                        [
                            13.3676,
                            41.0214
                        ],
                        [
                            13.3676,
                            41.0255
                        ],
                        [
                            13.3676,
                            41.0296
                        ],
                        [
                            13.3676,
                            41.0338
                        ],
                        [
                            13.3676,
                            41.0379
                        ],
                        [
                            13.3676,
                            41.0421
                        ],
                        [
                            13.3676,
                            41.0462
                        ],
                        [
                            13.3676,
                            41.0504
                        ],
                        [
                            13.3676,
                            41.0545
                        ],
                        [
                            13.3649,
                            41.0566
                        ],
                        [
                            13.3621,
                            41.0586
                        ],
                        [
                            13.3594,
                            41.0607
                        ],
                        [
                            13.3539,
                            41.0607
                        ],
                        [
                            13.3484,
                            41.0607
                        ],
                        [
                            13.3429,
                            41.0607
                        ],
                        [
                            13.3374,
                            41.0607
                        ],
                        [
                            13.3319,
                            41.0607
                        ],
                        [
                            13.3264,
                            41.0607
                        ],
                        [
                            13.3209,
                            41.0607
                        ],
                        [
                            13.3154,
                            41.0607
                        ],
                        [
                            13.3099,
                            41.0607
                        ],
                        [
                            13.3044,
                            41.0607
                        ],
                        [
                            13.299,
                            41.0607
                        ],
                        [
                            13.2962,
                            41.0586
                        ],
                        [
                            13.2935,
                            41.0566
                        ],
                        [
                            13.288,
                            41.0566
                        ],
                        [
                            13.2825,
                            41.0566
                        ],
                        [
                            13.277,
                            41.0566
                        ],
                        [
                            13.2715,
                            41.0566
                        ],
                        [
                            13.266,
                            41.0566
                        ],
                        [
                            13.2605,
                            41.0566
                        ],
                        [
                            13.2578,
                            41.0545
                        ],
                        [
                            13.255,
                            41.0524
                        ],
                        [
                            13.2523,
                            41.0504
                        ],
                        [
                            13.2495,
                            41.0483
                        ],
                        [
                            13.2468,
                            41.0462
                        ],
                        [
                            13.244,
                            41.0441
                        ],
                        [
                            13.2413,
                            41.0421
                        ],
                        [
                            13.2385,
                            41.04
                        ],
                        [
                            13.2358,
                            41.0379
                        ],
                        [
                            13.2358,
                            41.0338
                        ],
                        [
                            13.233,
                            41.0317
                        ],
                        [
                            13.2303,
                            41.0296
                        ],
                        [
                            13.2275,
                            41.0276
                        ],
                        [
                            13.2248,
                            41.0255
                        ],
                        [
                            13.2248,
                            41.0214
                        ],
                        [
                            13.2248,
                            41.0172
                        ],
                        [
                            13.222,
                            41.0151
                        ],
                        [
                            13.2193,
                            41.0131
                        ],
                        [
                            13.2193,
                            41.0089
                        ],
                        [
                            13.2193,
                            41.0048
                        ],
                        [
                            13.2166,
                            41.0027
                        ],
                        [
                            13.2138,
                            41.0006
                        ],
                        [
                            13.2138,
                            40.9965
                        ],
                        [
                            13.2138,
                            40.9923
                        ],
                        [
                            13.2138,
                            40.9882
                        ],
                        [
                            13.2111,
                            40.9861
                        ],
                        [
                            13.2083,
                            40.984
                        ],
                        [
                            13.2083,
                            40.9799
                        ],
                        [
                            13.2083,
                            40.9758
                        ],
                        [
                            13.2083,
                            40.9716
                        ],
                        [
                            13.2083,
                            40.9675
                        ],
                        [
                            13.2083,
                            40.9633
                        ],
                        [
                            13.2083,
                            40.9592
                        ],
                        [
                            13.2083,
                            40.955
                        ],
                        [
                            13.2083,
                            40.9509
                        ],
                        [
                            13.2083,
                            40.9467
                        ],
                        [
                            13.2083,
                            40.9426
                        ],
                        [
                            13.2083,
                            40.9384
                        ],
                        [
                            13.2056,
                            40.9363
                        ],
                        [
                            13.2028,
                            40.9343
                        ],
                        [
                            13.2001,
                            40.9322
                        ],
                        [
                            13.1946,
                            40.9322
                        ],
                        [
                            13.1891,
                            40.9322
                        ],
                        [
                            13.1836,
                            40.9322
                        ],
                        [
                            13.1808,
                            40.9343
                        ],
                        [
                            13.1781,
                            40.9363
                        ],
                        [
                            13.1726,
                            40.9363
                        ],
                        [
                            13.1699,
                            40.9384
                        ],
                        [
                            13.1671,
                            40.9405
                        ],
                        [
                            13.1616,
                            40.9405
                        ],
                        [
                            13.1561,
                            40.9405
                        ],
                        [
                            13.1506,
                            40.9405
                        ],
                        [
                            13.1451,
                            40.9405
                        ],
                        [
                            13.1396,
                            40.9405
                        ],
                        [
                            13.1342,
                            40.9405
                        ],
                        [
                            13.1314,
                            40.9384
                        ],
                        [
                            13.1287,
                            40.9363
                        ],
                        [
                            13.1232,
                            40.9363
                        ],
                        [
                            13.1177,
                            40.9363
                        ],
                        [
                            13.1122,
                            40.9363
                        ],
                        [
                            13.1094,
                            40.9343
                        ],
                        [
                            13.1067,
                            40.9322
                        ],
                        [
                            13.1012,
                            40.9322
                        ],
                        [
                            13.0957,
                            40.9322
                        ],
                        [
                            13.093,
                            40.9301
                        ],
                        [
                            13.093,
                            40.926
                        ],
                        [
                            13.093,
                            40.9218
                        ],
                        [
                            13.0902,
                            40.9197
                        ],
                        [
                            13.0847,
                            40.9197
                        ],
                        [
                            13.082,
                            40.9218
                        ],
                        [
                            13.082,
                            40.926
                        ],
                        [
                            13.082,
                            40.9301
                        ],
                        [
                            13.0792,
                            40.9322
                        ],
                        [
                            13.0765,
                            40.9343
                        ],
                        [
                            13.0737,
                            40.9363
                        ],
                        [
                            13.071,
                            40.9384
                        ],
                        [
                            13.071,
                            40.9426
                        ],
                        [
                            13.071,
                            40.9467
                        ],
                        [
                            13.071,
                            40.9509
                        ],
                        [
                            13.071,
                            40.955
                        ],
                        [
                            13.071,
                            40.9592
                        ],
                        [
                            13.071,
                            40.9633
                        ],
                        [
                            13.071,
                            40.9675
                        ],
                        [
                            13.071,
                            40.9716
                        ],
                        [
                            13.0682,
                            40.9737
                        ],
                        [
                            13.0655,
                            40.9758
                        ],
                        [
                            13.0655,
                            40.9799
                        ],
                        [
                            13.0655,
                            40.984
                        ],
                        [
                            13.0655,
                            40.9882
                        ],
                        [
                            13.0655,
                            40.9923
                        ],
                        [
                            13.0655,
                            40.9965
                        ],
                        [
                            13.0655,
                            41.0006
                        ],
                        [
                            13.0655,
                            41.0048
                        ],
                        [
                            13.0655,
                            41.0089
                        ],
                        [
                            13.0655,
                            41.0131
                        ],
                        [
                            13.0655,
                            41.0172
                        ],
                        [
                            13.0655,
                            41.0214
                        ],
                        [
                            13.0655,
                            41.0255
                        ],
                        [
                            13.0655,
                            41.0296
                        ],
                        [
                            13.0655,
                            41.0338
                        ],
                        [
                            13.0655,
                            41.0379
                        ],
                        [
                            13.0655,
                            41.0421
                        ],
                        [
                            13.0655,
                            41.0462
                        ],
                        [
                            13.0682,
                            41.0483
                        ],
                        [
                            13.071,
                            41.0504
                        ],
                        [
                            13.071,
                            41.0545
                        ],
                        [
                            13.071,
                            41.0586
                        ],
                        [
                            13.071,
                            41.0628
                        ],
                        [
                            13.071,
                            41.0669
                        ],
                        [
                            13.071,
                            41.0711
                        ],
                        [
                            13.071,
                            41.0752
                        ],
                        [
                            13.071,
                            41.0794
                        ],
                        [
                            13.071,
                            41.0835
                        ],
                        [
                            13.071,
                            41.0876
                        ],
                        [
                            13.071,
                            41.0918
                        ],
                        [
                            13.071,
                            41.0959
                        ],
                        [
                            13.071,
                            41.1001
                        ],
                        [
                            13.071,
                            41.1042
                        ],
                        [
                            13.071,
                            41.1083
                        ],
                        [
                            13.071,
                            41.1125
                        ],
                        [
                            13.071,
                            41.1166
                        ],
                        [
                            13.071,
                            41.1207
                        ],
                        [
                            13.0682,
                            41.1228
                        ],
                        [
                            13.0655,
                            41.1249
                        ],
                        [
                            13.0655,
                            41.129
                        ],
                        [
                            13.0655,
                            41.1332
                        ],
                        [
                            13.0655,
                            41.1373
                        ],
                        [
                            13.0627,
                            41.1394
                        ],
                        [
                            13.06,
                            41.1414
                        ],
                        [
                            13.0573,
                            41.1435
                        ],
                        [
                            13.0518,
                            41.1435
                        ],
                        [
                            13.0463,
                            41.1435
                        ],
                        [
                            13.0408,
                            41.1435
                        ],
                        [
                            13.0353,
                            41.1435
                        ],
                        [
                            13.0298,
                            41.1435
                        ],
                        [
                            13.0243,
                            41.1435
                        ],
                        [
                            13.0188,
                            41.1435
                        ],
                        [
                            13.0161,
                            41.1456
                        ],
                        [
                            13.0133,
                            41.1476
                        ],
                        [
                            13.0106,
                            41.1497
                        ],
                        [
                            13.0078,
                            41.1518
                        ],
                        [
                            13.0051,
                            41.1538
                        ],
                        [
                            13.0051,
                            41.158
                        ],
                        [
                            13.0078,
                            41.16
                        ],
                        [
                            13.0106,
                            41.1621
                        ],
                        [
                            13.0106,
                            41.1662
                        ],
                        [
                            13.0133,
                            41.1683
                        ],
                        [
                            13.0161,
                            41.1704
                        ],
                        [
                            13.0188,
                            41.1725
                        ],
                        [
                            13.0215,
                            41.1745
                        ],
                        [
                            13.0215,
                            41.1787
                        ],
                        [
                            13.0243,
                            41.1807
                        ],
                        [
                            13.027,
                            41.1828
                        ],
                        [
                            13.0298,
                            41.1849
                        ],
                        [
                            13.0325,
                            41.1869
                        ],
                        [
                            13.0325,
                            41.1911
                        ],
                        [
                            13.0325,
                            41.1952
                        ],
                        [
                            13.0353,
                            41.1973
                        ],
                        [
                            13.038,
                            41.1993
                        ],
                        [
                            13.038,
                            41.2035
                        ],
                        [
                            13.038,
                            41.2076
                        ],
                        [
                            13.038,
                            41.2117
                        ],
                        [
                            13.038,
                            41.2159
                        ],
                        [
                            13.038,
                            41.22
                        ],
                        [
                            13.038,
                            41.2241
                        ],
                        [
                            13.038,
                            41.2282
                        ],
                        [
                            13.038,
                            41.2324
                        ],
                        [
                            13.038,
                            41.2365
                        ],
                        [
                            13.0353,
                            41.2386
                        ],
                        [
                            13.0325,
                            41.2406
                        ],
                        [
                            13.0325,
                            41.2448
                        ],
                        [
                            13.0298,
                            41.2468
                        ],
                        [
                            13.027,
                            41.2489
                        ],
                        [
                            13.027,
                            41.253
                        ],
                        [
                            13.0243,
                            41.2551
                        ],
                        [
                            13.0215,
                            41.2572
                        ],
                        [
                            13.0188,
                            41.2592
                        ],
                        [
                            13.0161,
                            41.2613
                        ],
                        [
                            13.0161,
                            41.2654
                        ],
                        [
                            13.0161,
                            41.2695
                        ],
                        [
                            13.0188,
                            41.2716
                        ],
                        [
                            13.0215,
                            41.2737
                        ],
                        [
                            13.0243,
                            41.2757
                        ],
                        [
                            13.027,
                            41.2778
                        ],
                        [
                            13.0298,
                            41.2799
                        ],
                        [
                            13.0353,
                            41.2799
                        ],
                        [
                            13.0408,
                            41.2799
                        ],
                        [
                            13.0463,
                            41.2799
                        ],
                        [
                            13.0518,
                            41.2799
                        ],
                        [
                            13.0545,
                            41.2819
                        ],
                        [
                            13.0573,
                            41.284
                        ],
                        [
                            13.0627,
                            41.284
                        ],
                        [
                            13.0682,
                            41.284
                        ],
                        [
                            13.0737,
                            41.284
                        ],
                        [
                            13.0792,
                            41.284
                        ],
                        [
                            13.0847,
                            41.284
                        ],
                        [
                            13.0902,
                            41.284
                        ],
                        [
                            13.0957,
                            41.284
                        ],
                        [
                            13.1012,
                            41.284
                        ],
                        [
                            13.1039,
                            41.2861
                        ],
                        [
                            13.1067,
                            41.2881
                        ],
                        [
                            13.1122,
                            41.2881
                        ],
                        [
                            13.1149,
                            41.2902
                        ],
                        [
                            13.1177,
                            41.2923
                        ],
                        [
                            13.1232,
                            41.2923
                        ],
                        [
                            13.1259,
                            41.2943
                        ],
                        [
                            13.1287,
                            41.2964
                        ],
                        [
                            13.1342,
                            41.2964
                        ],
                        [
                            13.1369,
                            41.2984
                        ],
                        [
                            13.1396,
                            41.3005
                        ],
                        [
                            13.1424,
                            41.3026
                        ],
                        [
                            13.1451,
                            41.3046
                        ],
                        [
                            13.1506,
                            41.3046
                        ],
                        [
                            13.1534,
                            41.3067
                        ],
                        [
                            13.1561,
                            41.3088
                        ],
                        [
                            13.1589,
                            41.3108
                        ],
                        [
                            13.1616,
                            41.3129
                        ],
                        [
                            13.1644,
                            41.3149
                        ],
                        [
                            13.1671,
                            41.317
                        ],
                        [
                            13.1699,
                            41.3191
                        ],
                        [
                            13.1726,
                            41.3211
                        ],
                        [
                            13.1754,
                            41.3232
                        ],
                        [
                            13.1754,
                            41.3273
                        ],
                        [
                            13.1754,
                            41.3315
                        ],
                        [
                            13.1781,
                            41.3335
                        ],
                        [
                            13.1808,
                            41.3356
                        ],
                        [
                            13.1808,
                            41.3397
                        ],
                        [
                            13.1808,
                            41.3438
                        ],
                        [
                            13.1808,
                            41.3479
                        ],
                        [
                            13.1808,
                            41.3521
                        ],
                        [
                            13.1808,
                            41.3562
                        ],
                        [
                            13.1808,
                            41.3603
                        ],
                        [
                            13.1808,
                            41.3644
                        ],
                        [
                            13.1808,
                            41.3686
                        ],
                        [
                            13.1808,
                            41.3727
                        ],
                        [
                            13.1808,
                            41.3768
                        ],
                        [
                            13.1808,
                            41.3809
                        ],
                        [
                            13.1808,
                            41.3851
                        ],
                        [
                            13.1808,
                            41.3892
                        ],
                        [
                            13.1808,
                            41.3933
                        ],
                        [
                            13.1808,
                            41.3974
                        ],
                        [
                            13.1836,
                            41.3995
                        ],
                        [
                            13.1891,
                            41.3995
                        ],
                        [
                            13.1918,
                            41.4015
                        ],
                        [
                            13.1946,
                            41.4036
                        ],
                        [
                            13.2001,
                            41.4036
                        ],
                        [
                            13.2056,
                            41.4036
                        ],
                        [
                            13.2083,
                            41.4057
                        ],
                        [
                            13.2111,
                            41.4077
                        ],
                        [
                            13.2166,
                            41.4077
                        ],
                        [
                            13.2193,
                            41.4098
                        ],
                        [
                            13.222,
                            41.4118
                        ],
                        [
                            13.2275,
                            41.4118
                        ],
                        [
                            13.2303,
                            41.4139
                        ],
                        [
                            13.233,
                            41.416
                        ],
                        [
                            13.2385,
                            41.416
                        ],
                        [
                            13.2413,
                            41.418
                        ],
                        [
                            13.244,
                            41.4201
                        ],
                        [
                            13.2495,
                            41.4201
                        ],
                        [
                            13.2523,
                            41.4221
                        ],
                        [
                            13.255,
                            41.4242
                        ],
                        [
                            13.2578,
                            41.4221
                        ],
                        [
                            13.2605,
                            41.4201
                        ],
                        [
                            13.2632,
                            41.418
                        ],
                        [
                            13.2632,
                            41.4139
                        ],
                        [
                            13.2632,
                            41.4098
                        ],
                        [
                            13.2632,
                            41.4057
                        ],
                        [
                            13.2632,
                            41.4015
                        ],
                        [
                            13.2605,
                            41.3995
                        ],
                        [
                            13.2578,
                            41.3974
                        ],
                        [
                            13.2578,
                            41.3933
                        ],
                        [
                            13.2578,
                            41.3892
                        ],
                        [
                            13.2578,
                            41.3851
                        ],
                        [
                            13.255,
                            41.383
                        ],
                        [
                            13.2523,
                            41.3809
                        ],
                        [
                            13.2523,
                            41.3768
                        ],
                        [
                            13.2523,
                            41.3727
                        ],
                        [
                            13.2523,
                            41.3686
                        ],
                        [
                            13.2495,
                            41.3665
                        ],
                        [
                            13.2468,
                            41.3644
                        ],
                        [
                            13.2468,
                            41.3603
                        ],
                        [
                            13.2468,
                            41.3562
                        ],
                        [
                            13.2468,
                            41.3521
                        ],
                        [
                            13.2468,
                            41.3479
                        ],
                        [
                            13.2468,
                            41.3438
                        ],
                        [
                            13.2468,
                            41.3397
                        ],
                        [
                            13.2468,
                            41.3356
                        ],
                        [
                            13.2468,
                            41.3315
                        ],
                        [
                            13.2468,
                            41.3273
                        ],
                        [
                            13.2495,
                            41.3253
                        ],
                        [
                            13.2523,
                            41.3232
                        ],
                        [
                            13.2523,
                            41.3191
                        ],
                        [
                            13.2523,
                            41.3149
                        ],
                        [
                            13.2523,
                            41.3108
                        ],
                        [
                            13.2523,
                            41.3067
                        ],
                        [
                            13.2523,
                            41.3026
                        ],
                        [
                            13.2495,
                            41.3005
                        ],
                        [
                            13.2468,
                            41.2984
                        ],
                        [
                            13.2468,
                            41.2943
                        ],
                        [
                            13.244,
                            41.2923
                        ],
                        [
                            13.2413,
                            41.2902
                        ],
                        [
                            13.2413,
                            41.2861
                        ],
                        [
                            13.2385,
                            41.284
                        ],
                        [
                            13.2358,
                            41.2819
                        ],
                        [
                            13.2358,
                            41.2778
                        ],
                        [
                            13.233,
                            41.2757
                        ],
                        [
                            13.2303,
                            41.2737
                        ],
                        [
                            13.2275,
                            41.2716
                        ],
                        [
                            13.2248,
                            41.2695
                        ],
                        [
                            13.2248,
                            41.2654
                        ],
                        [
                            13.222,
                            41.2634
                        ],
                        [
                            13.2193,
                            41.2613
                        ],
                        [
                            13.2193,
                            41.2572
                        ],
                        [
                            13.2193,
                            41.253
                        ],
                        [
                            13.2166,
                            41.251
                        ],
                        [
                            13.2138,
                            41.2489
                        ],
                        [
                            13.2138,
                            41.2448
                        ],
                        [
                            13.2138,
                            41.2406
                        ],
                        [
                            13.2138,
                            41.2365
                        ],
                        [
                            13.2138,
                            41.2324
                        ],
                        [
                            13.2138,
                            41.2282
                        ],
                        [
                            13.2138,
                            41.2241
                        ],
                        [
                            13.2138,
                            41.22
                        ],
                        [
                            13.2138,
                            41.2159
                        ],
                        [
                            13.2138,
                            41.2117
                        ],
                        [
                            13.2138,
                            41.2076
                        ],
                        [
                            13.2138,
                            41.2035
                        ],
                        [
                            13.2166,
                            41.2014
                        ],
                        [
                            13.2193,
                            41.1993
                        ],
                        [
                            13.2193,
                            41.1952
                        ],
                        [
                            13.2193,
                            41.1911
                        ],
                        [
                            13.222,
                            41.189
                        ],
                        [
                            13.2248,
                            41.1869
                        ],
                        [
                            13.2248,
                            41.1828
                        ],
                        [
                            13.2275,
                            41.1807
                        ],
                        [
                            13.2303,
                            41.1787
                        ],
                        [
                            13.2303,
                            41.1745
                        ],
                        [
                            13.2303,
                            41.1704
                        ],
                        [
                            13.2275,
                            41.1683
                        ],
                        [
                            13.2248,
                            41.1662
                        ],
                        [
                            13.2248,
                            41.1621
                        ],
                        [
                            13.2248,
                            41.158
                        ],
                        [
                            13.2248,
                            41.1538
                        ],
                        [
                            13.2248,
                            41.1497
                        ],
                        [
                            13.2248,
                            41.1456
                        ],
                        [
                            13.2248,
                            41.1414
                        ],
                        [
                            13.2248,
                            41.1373
                        ],
                        [
                            13.2248,
                            41.1332
                        ],
                        [
                            13.2248,
                            41.129
                        ],
                        [
                            13.2275,
                            41.127
                        ],
                        [
                            13.233,
                            41.127
                        ],
                        [
                            13.2385,
                            41.127
                        ],
                        [
                            13.244,
                            41.127
                        ],
                        [
                            13.2495,
                            41.127
                        ],
                        [
                            13.255,
                            41.127
                        ],
                        [
                            13.2605,
                            41.127
                        ],
                        [
                            13.2632,
                            41.129
                        ],
                        [
                            13.266,
                            41.1311
                        ],
                        [
                            13.2715,
                            41.1311
                        ],
                        [
                            13.2742,
                            41.1332
                        ],
                        [
                            13.2742,
                            41.1373
                        ],
                        [
                            13.277,
                            41.1394
                        ],
                        [
                            13.2825,
                            41.1394
                        ],
                        [
                            13.2852,
                            41.1414
                        ],
                        [
                            13.288,
                            41.1435
                        ],
                        [
                            13.2907,
                            41.1456
                        ],
                        [
                            13.2935,
                            41.1476
                        ],
                        [
                            13.2962,
                            41.1497
                        ],
                        [
                            13.299,
                            41.1518
                        ],
                        [
                            13.3017,
                            41.1538
                        ],
                        [
                            13.3044,
                            41.1559
                        ],
                        [
                            13.3072,
                            41.158
                        ],
                        [
                            13.3099,
                            41.16
                        ],
                        [
                            13.3127,
                            41.1621
                        ],
                        [
                            13.3154,
                            41.1642
                        ],
                        [
                            13.3182,
                            41.1662
                        ],
                        [
                            13.3209,
                            41.1683
                        ],
                        [
                            13.3237,
                            41.1704
                        ],
                        [
                            13.3264,
                            41.1725
                        ],
                        [
                            13.3292,
                            41.1745
                        ],
                        [
                            13.3319,
                            41.1766
                        ],
                        [
                            13.3374,
                            41.1766
                        ],
                        [
                            13.3429,
                            41.1766
                        ],
                        [
                            13.3484,
                            41.1766
                        ],
                        [
                            13.3511,
                            41.1787
                        ],
                        [
                            13.3539,
                            41.1807
                        ],
                        [
                            13.3594,
                            41.1807
                        ],
                        [
                            13.3621,
                            41.1828
                        ],
                        [
                            13.3649,
                            41.1849
                        ],
                        [
                            13.3676,
                            41.1869
                        ],
                        [
                            13.3676,
                            41.1911
                        ],
                        [
                            13.3704,
                            41.1931
                        ],
                        [
                            13.3731,
                            41.1952
                        ],
                        [
                            13.3759,
                            41.1973
                        ],
                        [
                            13.3813,
                            41.1973
                        ],
                        [
                            13.3841,
                            41.1993
                        ],
                        [
                            13.3868,
                            41.2014
                        ],
                        [
                            13.3923,
                            41.2014
                        ],
                        [
                            13.3978,
                            41.2014
                        ],
                        [
                            13.4006,
                            41.2035
                        ],
                        [
                            13.4033,
                            41.2055
                        ],
                        [
                            13.4061,
                            41.2076
                        ],
                        [
                            13.4088,
                            41.2097
                        ],
                        [
                            13.4143,
                            41.2097
                        ],
                        [
                            13.4171,
                            41.2117
                        ],
                        [
                            13.4198,
                            41.2138
                        ],
                        [
                            13.4253,
                            41.2138
                        ],
                        [
                            13.428,
                            41.2159
                        ],
                        [
                            13.4308,
                            41.2179
                        ],
                        [
                            13.4335,
                            41.22
                        ],
                        [
                            13.4363,
                            41.2221
                        ],
                        [
                            13.4418,
                            41.2221
                        ],
                        [
                            13.4473,
                            41.2221
                        ],
                        [
                            13.4528,
                            41.2221
                        ],
                        [
                            13.4555,
                            41.2241
                        ],
                        [
                            13.4583,
                            41.2262
                        ],
                        [
                            13.461,
                            41.2282
                        ],
                        [
                            13.4637,
                            41.2303
                        ],
                        [
                            13.4692,
                            41.2303
                        ],
                        [
                            13.4747,
                            41.2303
                        ],
                        [
                            13.4802,
                            41.2303
                        ],
                        [
                            13.4857,
                            41.2303
                        ],
                        [
                            13.4885,
                            41.2324
                        ],
                        [
                            13.4912,
                            41.2344
                        ],
                        [
                            13.494,
                            41.2365
                        ],
                        [
                            13.4967,
                            41.2386
                        ],
                        [
                            13.4995,
                            41.2406
                        ],
                        [
                            13.5022,
                            41.2427
                        ],
                        [
                            13.5049,
                            41.2448
                        ],
                        [
                            13.5049,
                            41.2489
                        ],
                        [
                            13.5049,
                            41.253
                        ],
                        [
                            13.5049,
                            41.2572
                        ],
                        [
                            13.5077,
                            41.2592
                        ],
                        [
                            13.5104,
                            41.2613
                        ],
                        [
                            13.5132,
                            41.2634
                        ],
                        [
                            13.5159,
                            41.2654
                        ],
                        [
                            13.5187,
                            41.2675
                        ],
                        [
                            13.5214,
                            41.2695
                        ],
                        [
                            13.5214,
                            41.2737
                        ],
                        [
                            13.5242,
                            41.2757
                        ],
                        [
                            13.5269,
                            41.2778
                        ],
                        [
                            13.5269,
                            41.2819
                        ],
                        [
                            13.5297,
                            41.284
                        ],
                        [
                            13.5324,
                            41.2861
                        ],
                        [
                            13.5324,
                            41.2902
                        ],
                        [
                            13.5324,
                            41.2943
                        ],
                        [
                            13.5352,
                            41.2964
                        ],
                        [
                            13.5379,
                            41.2984
                        ],
                        [
                            13.5379,
                            41.3026
                        ],
                        [
                            13.5406,
                            41.3046
                        ],
                        [
                            13.5434,
                            41.3067
                        ],
                        [
                            13.5461,
                            41.3088
                        ],
                        [
                            13.5489,
                            41.3108
                        ],
                        [
                            13.5489,
                            41.3149
                        ],
                        [
                            13.5516,
                            41.317
                        ],
                        [
                            13.5544,
                            41.3191
                        ],
                        [
                            13.5544,
                            41.3232
                        ],
                        [
                            13.5571,
                            41.3253
                        ],
                        [
                            13.5599,
                            41.3273
                        ],
                        [
                            13.5626,
                            41.3294
                        ],
                        [
                            13.5654,
                            41.3315
                        ],
                        [
                            13.5681,
                            41.3335
                        ],
                        [
                            13.5709,
                            41.3356
                        ],
                        [
                            13.5709,
                            41.3397
                        ],
                        [
                            13.5736,
                            41.3418
                        ],
                        [
                            13.5764,
                            41.3438
                        ],
                        [
                            13.5791,
                            41.3459
                        ],
                        [
                            13.5818,
                            41.3479
                        ],
                        [
                            13.5818,
                            41.3521
                        ],
                        [
                            13.5846,
                            41.3541
                        ],
                        [
                            13.5873,
                            41.3562
                        ],
                        [
                            13.5901,
                            41.3583
                        ],
                        [
                            13.5928,
                            41.3603
                        ],
                        [
                            13.5956,
                            41.3624
                        ],
                        [
                            13.6011,
                            41.3624
                        ],
                        [
                            13.6038,
                            41.3644
                        ],
                        [
                            13.6038,
                            41.3686
                        ],
                        [
                            13.6066,
                            41.3706
                        ],
                        [
                            13.6093,
                            41.3686
                        ],
                        [
                            13.6093,
                            41.3644
                        ],
                        [
                            13.6093,
                            41.3603
                        ],
                        [
                            13.6093,
                            41.3562
                        ],
                        [
                            13.6093,
                            41.3521
                        ],
                        [
                            13.6121,
                            41.35
                        ],
                        [
                            13.6148,
                            41.3479
                        ],
                        [
                            13.6148,
                            41.3438
                        ],
                        [
                            13.6148,
                            41.3397
                        ],
                        [
                            13.6148,
                            41.3356
                        ],
                        [
                            13.6176,
                            41.3335
                        ],
                        [
                            13.623,
                            41.3335
                        ],
                        [
                            13.6258,
                            41.3315
                        ],
                        [
                            13.6258,
                            41.3273
                        ],
                        [
                            13.6285,
                            41.3253
                        ],
                        [
                            13.6313,
                            41.3232
                        ],
                        [
                            13.6313,
                            41.3191
                        ],
                        [
                            13.6285,
                            41.317
                        ],
                        [
                            13.6258,
                            41.3149
                        ],
                        [
                            13.6258,
                            41.3108
                        ],
                        [
                            13.623,
                            41.3088
                        ],
                        [
                            13.6203,
                            41.3067
                        ],
                        [
                            13.6176,
                            41.3046
                        ],
                        [
                            13.6148,
                            41.3026
                        ],
                        [
                            13.6121,
                            41.3005
                        ],
                        [
                            13.6093,
                            41.2984
                        ],
                        [
                            13.6093,
                            41.2943
                        ],
                        [
                            13.6066,
                            41.2923
                        ],
                        [
                            13.6038,
                            41.2902
                        ],
                        [
                            13.6038,
                            41.2861
                        ],
                        [
                            13.6011,
                            41.284
                        ],
                        [
                            13.5983,
                            41.2819
                        ],
                        [
                            13.5983,
                            41.2778
                        ],
                        [
                            13.5956,
                            41.2757
                        ],
                        [
                            13.5928,
                            41.2737
                        ],
                        [
                            13.5901,
                            41.2716
                        ],
                        [
                            13.5873,
                            41.2695
                        ],
                        [
                            13.5846,
                            41.2675
                        ],
                        [
                            13.5791,
                            41.2675
                        ],
                        [
                            13.5764,
                            41.2654
                        ],
                        [
                            13.5736,
                            41.2634
                        ],
                        [
                            13.5681,
                            41.2634
                        ],
                        [
                            13.5654,
                            41.2613
                        ],
                        [
                            13.5626,
                            41.2592
                        ],
                        [
                            13.5599,
                            41.2572
                        ],
                        [
                            13.5571,
                            41.2551
                        ],
                        [
                            13.5544,
                            41.253
                        ],
                        [
                            13.5516,
                            41.251
                        ],
                        [
                            13.5489,
                            41.2489
                        ],
                        [
                            13.5489,
                            41.2448
                        ],
                        [
                            13.5489,
                            41.2406
                        ],
                        [
                            13.5489,
                            41.2365
                        ],
                        [
                            13.5489,
                            41.2324
                        ],
                        [
                            13.5489,
                            41.2282
                        ],
                        [
                            13.5489,
                            41.2241
                        ],
                        [
                            13.5516,
                            41.2221
                        ],
                        [
                            13.5544,
                            41.22
                        ],
                        [
                            13.5571,
                            41.2179
                        ],
                        [
                            13.5599,
                            41.2159
                        ],
                        [
                            13.5626,
                            41.2138
                        ],
                        [
                            13.5681,
                            41.2138
                        ],
                        [
                            13.5736,
                            41.2138
                        ],
                        [
                            13.5791,
                            41.2138
                        ],
                        [
                            13.5846,
                            41.2138
                        ],
                        [
                            13.5901,
                            41.2138
                        ],
                        [
                            13.5928,
                            41.2117
                        ],
                        [
                            13.5956,
                            41.2097
                        ],
                        [
                            13.6011,
                            41.2097
                        ],
                        [
                            13.6066,
                            41.2097
                        ],
                        [
                            13.6093,
                            41.2076
                        ],
                        [
                            13.6093,
                            41.2035
                        ],
                        [
                            13.6121,
                            41.2014
                        ],
                        [
                            13.6148,
                            41.1993
                        ],
                        [
                            13.6176,
                            41.1973
                        ],
                        [
                            13.6203,
                            41.1952
                        ],
                        [
                            13.623,
                            41.1931
                        ],
                        [
                            13.6258,
                            41.1911
                        ],
                        [
                            13.6285,
                            41.189
                        ],
                        [
                            13.634,
                            41.189
                        ],
                        [
                            13.6368,
                            41.1869
                        ],
                        [
                            13.6395,
                            41.1849
                        ],
                        [
                            13.645,
                            41.1849
                        ],
                        [
                            13.6478,
                            41.1828
                        ],
                        [
                            13.6505,
                            41.1807
                        ],
                        [
                            13.656,
                            41.1807
                        ],
                        [
                            13.6588,
                            41.1787
                        ],
                        [
                            13.6615,
                            41.1766
                        ],
                        [
                            13.6642,
                            41.1745
                        ],
                        [
                            13.6642,
                            41.1704
                        ],
                        [
                            13.667,
                            41.1683
                        ],
                        [
                            13.6697,
                            41.1662
                        ],
                        [
                            13.6697,
                            41.1621
                        ],
                        [
                            13.6725,
                            41.16
                        ],
                        [
                            13.6752,
                            41.158
                        ],
                        [
                            13.678,
                            41.1559
                        ],
                        [
                            13.6807,
                            41.1538
                        ],
                        [
                            13.6835,
                            41.1518
                        ],
                        [
                            13.6862,
                            41.1497
                        ],
                        [
                            13.6862,
                            41.1456
                        ],
                        [
                            13.689,
                            41.1435
                        ],
                        [
                            13.6917,
                            41.1414
                        ],
                        [
                            13.6945,
                            41.1394
                        ],
                        [
                            13.6972,
                            41.1373
                        ],
                        [
                            13.7,
                            41.1352
                        ],
                        [
                            13.7054,
                            41.1352
                        ],
                        [
                            13.7082,
                            41.1332
                        ],
                        [
                            13.7109,
                            41.1311
                        ],
                        [
                            13.7137,
                            41.129
                        ],
                        [
                            13.7164,
                            41.127
                        ],
                        [
                            13.7219,
                            41.127
                        ],
                        [
                            13.7274,
                            41.127
                        ],
                        [
                            13.7329,
                            41.127
                        ],
                        [
                            13.7384,
                            41.127
                        ],
                        [
                            13.7439,
                            41.127
                        ],
                        [
                            13.7494,
                            41.127
                        ],
                        [
                            13.7549,
                            41.127
                        ],
                        [
                            13.7604,
                            41.127
                        ],
                        [
                            13.7659,
                            41.127
                        ],
                        [
                            13.7714,
                            41.127
                        ],
                        [
                            13.7769,
                            41.127
                        ],
                        [
                            13.7823,
                            41.127
                        ],
                        [
                            13.7878,
                            41.127
                        ],
                        [
                            13.7906,
                            41.1249
                        ],
                        [
                            13.7933,
                            41.1228
                        ],
                        [
                            13.7988,
                            41.1228
                        ],
                        [
                            13.8016,
                            41.1207
                        ],
                        [
                            13.8016,
                            41.1166
                        ],
                        [
                            13.8043,
                            41.1145
                        ],
                        [
                            13.8071,
                            41.1125
                        ],
                        [
                            13.8071,
                            41.1083
                        ],
                        [
                            13.8071,
                            41.1042
                        ],
                        [
                            13.8071,
                            41.1001
                        ],
                        [
                            13.8043,
                            41.098
                        ],
                        [
                            13.8016,
                            41.0959
                        ],
                        [
                            13.8016,
                            41.0918
                        ],
                        [
                            13.7988,
                            41.0897
                        ],
                        [
                            13.7961,
                            41.0876
                        ],
                        [
                            13.7933,
                            41.0856
                        ],
                        [
                            13.7906,
                            41.0835
                        ],
                        [
                            13.7878,
                            41.0814
                        ],
                        [
                            13.7851,
                            41.0794
                        ],
                        [
                            13.7823,
                            41.0773
                        ],
                        [
                            13.7796,
                            41.0752
                        ],
                        [
                            13.7769,
                            41.0731
                        ],
                        [
                            13.7714,
                            41.0731
                        ],
                        [
                            13.7659,
                            41.0731
                        ],
                        [
                            13.7604,
                            41.0731
                        ],
                        [
                            13.7549,
                            41.0731
                        ],
                        [
                            13.7521,
                            41.0711
                        ],
                        [
                            13.7494,
                            41.069
                        ],
                        [
                            13.7466,
                            41.0669
                        ],
                        [
                            13.7466,
                            41.0628
                        ],
                        [
                            13.7439,
                            41.0607
                        ],
                        [
                            13.7411,
                            41.0586
                        ],
                        [
                            13.7411,
                            41.0545
                        ],
                        [
                            13.7411,
                            41.0504
                        ],
                        [
                            13.7411,
                            41.0462
                        ],
                        [
                            13.7384,
                            41.0441
                        ],
                        [
                            13.7357,
                            41.0421
                        ],
                        [
                            13.7357,
                            41.0379
                        ],
                        [
                            13.7329,
                            41.0359
                        ],
                        [
                            13.7302,
                            41.0338
                        ],
                        [
                            13.7274,
                            41.0317
                        ],
                        [
                            13.7247,
                            41.0296
                        ],
                        [
                            13.7219,
                            41.0276
                        ],
                        [
                            13.7192,
                            41.0255
                        ],
                        [
                            13.7192,
                            41.0214
                        ],
                        [
                            13.7192,
                            41.0172
                        ],
                        [
                            13.7164,
                            41.0151
                        ],
                        [
                            13.7137,
                            41.0131
                        ],
                        [
                            13.7137,
                            41.0089
                        ],
                        [
                            13.7137,
                            41.0048
                        ],
                        [
                            13.7137,
                            41.0006
                        ],
                        [
                            13.7109,
                            40.9986
                        ],
                        [
                            13.7082,
                            40.9965
                        ],
                        [
                            13.7082,
                            40.9923
                        ],
                        [
                            13.7054,
                            40.9903
                        ],
                        [
                            13.7027,
                            40.9882
                        ],
                        [
                            13.7027,
                            40.984
                        ],
                        [
                            13.7027,
                            40.9799
                        ],
                        [
                            13.7,
                            40.9778
                        ],
                        [
                            13.6972,
                            40.9758
                        ],
                        [
                            13.6972,
                            40.9716
                        ],
                        [
                            13.6972,
                            40.9675
                        ],
                        [
                            13.6945,
                            40.9654
                        ],
                        [
                            13.6917,
                            40.9633
                        ],
                        [
                            13.6917,
                            40.9592
                        ],
                        [
                            13.6917,
                            40.955
                        ],
                        [
                            13.6917,
                            40.9509
                        ],
                        [
                            13.6917,
                            40.9467
                        ],
                        [
                            13.6917,
                            40.9426
                        ],
                        [
                            13.6917,
                            40.9384
                        ],
                        [
                            13.6945,
                            40.9363
                        ],
                        [
                            13.6972,
                            40.9343
                        ],
                        [
                            13.6972,
                            40.9301
                        ],
                        [
                            13.7,
                            40.928
                        ],
                        [
                            13.7054,
                            40.928
                        ],
                        [
                            13.7082,
                            40.926
                        ],
                        [
                            13.7109,
                            40.9239
                        ],
                        [
                            13.7137,
                            40.9218
                        ],
                        [
                            13.7164,
                            40.9197
                        ],
                        [
                            13.7219,
                            40.9197
                        ],
                        [
                            13.7274,
                            40.9197
                        ],
                        [
                            13.7329,
                            40.9197
                        ],
                        [
                            13.7384,
                            40.9197
                        ],
                        [
                            13.7439,
                            40.9197
                        ],
                        [
                            13.7494,
                            40.9197
                        ],
                        [
                            13.7521,
                            40.9177
                        ],
                        [
                            13.7549,
                            40.9156
                        ],
                        [
                            13.7576,
                            40.9135
                        ],
                        [
                            13.7604,
                            40.9114
                        ],
                        [
                            13.7631,
                            40.9094
                        ],
                        [
                            13.7659,
                            40.9073
                        ],
                        [
                            13.7686,
                            40.9052
                        ],
                        [
                            13.7686,
                            40.9011
                        ],
                        [
                            13.7686,
                            40.8969
                        ],
                        [
                            13.7659,
                            40.8948
                        ],
                        [
                            13.7631,
                            40.8928
                        ],
                        [
                            13.7604,
                            40.8907
                        ],
                        [
                            13.7576,
                            40.8886
                        ],
                        [
                            13.7576,
                            40.8844
                        ],
                        [
                            13.7576,
                            40.8803
                        ],
                        [
                            13.7576,
                            40.8761
                        ],
                        [
                            13.7576,
                            40.872
                        ],
                        [
                            13.7576,
                            40.8678
                        ],
                        [
                            13.7576,
                            40.8637
                        ],
                        [
                            13.7576,
                            40.8595
                        ],
                        [
                            13.7576,
                            40.8554
                        ],
                        [
                            13.7549,
                            40.8533
                        ],
                        [
                            13.7521,
                            40.8512
                        ],
                        [
                            13.7521,
                            40.8471
                        ],
                        [
                            13.7521,
                            40.8429
                        ],
                        [
                            13.7494,
                            40.8408
                        ],
                        [
                            13.7466,
                            40.8387
                        ],
                        [
                            13.7439,
                            40.8367
                        ],
                        [
                            13.7411,
                            40.8346
                        ],
                        [
                            13.7411,
                            40.8304
                        ],
                        [
                            13.7384,
                            40.8284
                        ],
                        [
                            13.7329,
                            40.8284
                        ],
                        [
                            13.7302,
                            40.8263
                        ],
                        [
                            13.7302,
                            40.8221
                        ],
                        [
                            13.7274,
                            40.82
                        ],
                        [
                            13.7219,
                            40.82
                        ],
                        [
                            13.7192,
                            40.818
                        ],
                        [
                            13.7192,
                            40.8138
                        ],
                        [
                            13.7164,
                            40.8117
                        ],
                        [
                            13.7137,
                            40.8097
                        ],
                        [
                            13.7109,
                            40.8076
                        ],
                        [
                            13.7082,
                            40.8055
                        ],
                        [
                            13.7082,
                            40.8013
                        ],
                        [
                            13.7082,
                            40.7972
                        ],
                        [
                            13.7054,
                            40.7951
                        ],
                        [
                            13.7027,
                            40.793
                        ],
                        [
                            13.7,
                            40.7909
                        ],
                        [
                            13.6972,
                            40.7889
                        ],
                        [
                            13.6972,
                            40.7847
                        ],
                        [
                            13.6945,
                            40.7826
                        ],
                        [
                            13.689,
                            40.7826
                        ],
                        [
                            13.6862,
                            40.7805
                        ],
                        [
                            13.6835,
                            40.7785
                        ],
                        [
                            13.6807,
                            40.7764
                        ],
                        [
                            13.678,
                            40.7743
                        ],
                        [
                            13.6725,
                            40.7743
                        ],
                        [
                            13.667,
                            40.7743
                        ],
                        [
                            13.6642,
                            40.7722
                        ],
                        [
                            13.6615,
                            40.7701
                        ],
                        [
                            13.6588,
                            40.7681
                        ],
                        [
                            13.656,
                            40.766
                        ],
                        [
                            13.6533,
                            40.7639
                        ],
                        [
                            13.6505,
                            40.7618
                        ],
                        [
                            13.6478,
                            40.7597
                        ],
                        [
                            13.645,
                            40.7577
                        ],
                        [
                            13.6395,
                            40.7577
                        ],
                        [
                            13.634,
                            40.7577
                        ],
                        [
                            13.6285,
                            40.7577
                        ],
                        [
                            13.6258,
                            40.7556
                        ],
                        [
                            13.623,
                            40.7535
                        ],
                        [
                            13.6176,
                            40.7535
                        ],
                        [
                            13.6121,
                            40.7535
                        ],
                        [
                            13.6093,
                            40.7556
                        ],
                        [
                            13.6093,
                            40.7597
                        ],
                        [
                            13.6093,
                            40.7639
                        ],
                        [
                            13.6093,
                            40.7681
                        ],
                        [
                            13.6093,
                            40.7722
                        ],
                        [
                            13.6093,
                            40.7764
                        ],
                        [
                            13.6093,
                            40.7805
                        ],
                        [
                            13.6066,
                            40.7826
                        ],
                        [
                            13.6011,
                            40.7826
                        ],
                        [
                            13.5956,
                            40.7826
                        ],
                        [
                            13.5928,
                            40.7847
                        ],
                        [
                            13.5901,
                            40.7868
                        ],
                        [
                            13.5846,
                            40.7868
                        ],
                        [
                            13.5818,
                            40.7889
                        ],
                        [
                            13.5791,
                            40.7909
                        ],
                        [
                            13.5736,
                            40.7909
                        ],
                        [
                            13.5681,
                            40.7909
                        ],
                        [
                            13.5654,
                            40.793
                        ],
                        [
                            13.5626,
                            40.7951
                        ],
                        [
                            13.5571,
                            40.7951
                        ],
                        [
                            13.5516,
                            40.7951
                        ],
                        [
                            13.5461,
                            40.7951
                        ],
                        [
                            13.5406,
                            40.7951
                        ],
                        [
                            13.5352,
                            40.7951
                        ],
                        [
                            13.5297,
                            40.7951
                        ],
                        [
                            13.5242,
                            40.7951
                        ],
                        [
                            13.5187,
                            40.7951
                        ],
                        [
                            13.5132,
                            40.7951
                        ],
                        [
                            13.5104,
                            40.793
                        ],
                        [
                            13.5077,
                            40.7909
                        ],
                        [
                            13.5022,
                            40.7909
                        ],
                        [
                            13.4995,
                            40.7889
                        ],
                        [
                            13.4967,
                            40.7868
                        ],
                        [
                            13.494,
                            40.7847
                        ],
                        [
                            13.4912,
                            40.7826
                        ],
                        [
                            13.4885,
                            40.7805
                        ],
                        [
                            13.4857,
                            40.7785
                        ],
                        [
                            13.483,
                            40.7764
                        ],
                        [
                            13.4802,
                            40.7743
                        ],
                        [
                            13.4775,
                            40.7722
                        ],
                        [
                            13.4775,
                            40.7681
                        ],
                        [
                            13.4775,
                            40.7639
                        ],
                        [
                            13.4775,
                            40.7597
                        ],
                        [
                            13.4775,
                            40.7556
                        ],
                        [
                            13.4775,
                            40.7514
                        ],
                        [
                            13.4775,
                            40.7473
                        ],
                        [
                            13.4775,
                            40.7431
                        ],
                        [
                            13.4775,
                            40.7389
                        ],
                        [
                            13.4775,
                            40.7348
                        ],
                        [
                            13.4775,
                            40.7306
                        ],
                        [
                            13.4775,
                            40.7264
                        ],
                        [
                            13.4775,
                            40.7223
                        ],
                        [
                            13.4747,
                            40.7202
                        ],
                        [
                            13.472,
                            40.7181
                        ],
                        [
                            13.4692,
                            40.716
                        ],
                        [
                            13.4665,
                            40.714
                        ],
                        [
                            13.4637,
                            40.7119
                        ],
                        [
                            13.461,
                            40.7098
                        ],
                        [
                            13.4583,
                            40.7077
                        ]
                    ]
                ]
            },
            "properties": {
                "id": "CELL_2",
                "height": 17777,
                "intensity": "Intensa",
                "speed_kmh": 33.1,
                "eta": "Latina: ~114 min, Frosinone: ~118 min",
                "cep_km": 3.4,
                "vis": "Obliquo / High Shear",
                "lifecycle": "Genesi (Growth)",
                "echo_top": "14.5 km",
                "vil": "399.7 kg/m\u00b2",
                "qpe": "231.4 mm/h",
                "flash_rate": "368 stim/min",
                "motion": "Avvezione Standard",
                "type": "volumetric_cell"
            }
        },
        {
            "type": "Feature",
            "geometry": {
                "type": "LineString",
                "coordinates": [
                    [
                        13.4054,
                        41.0109
                    ],
                    [
                        13.423,
                        41.0573
                    ]
                ]
            },
            "properties": {
                "id": "PATH_2",
                "type": "actual_path"
            }
        },
        {
            "type": "Feature",
            "geometry": {
                "type": "LineString",
                "coordinates": [
                    [
                        13.423,
                        41.0573
                    ],
                    [
                        13.4758,
                        41.1965
                    ]
                ]
            },
            "properties": {
                "id": "CELL_2",
                "height": 17777,
                "intensity": "Intensa",
                "speed_kmh": 33.1,
                "eta": "Latina: ~114 min, Frosinone: ~118 min",
                "cep_km": 3.4,
                "vis": "Obliquo / High Shear",
                "lifecycle": "Genesi (Growth)",
                "echo_top": "14.5 km",
                "vil": "399.7 kg/m\u00b2",
                "qpe": "231.4 mm/h",
                "flash_rate": "368 stim/min",
                "motion": "Avvezione Standard",
                "type": "forecast_path"
            }
        },
        {
            "type": "Feature",
            "geometry": {
                "type": "Point",
                "coordinates": [
                    13.423,
                    41.0573
                ]
            },
            "properties": {
                "id": "CELL_2",
                "height": 17777,
                "intensity": "Intensa",
                "speed_kmh": 33.1,
                "eta": "Latina: ~114 min, Frosinone: ~118 min",
                "cep_km": 3.4,
                "vis": "Obliquo / High Shear",
                "lifecycle": "Genesi (Growth)",
                "echo_top": "14.5 km",
                "vil": "399.7 kg/m\u00b2",
                "qpe": "231.4 mm/h",
                "flash_rate": "368 stim/min",
                "motion": "Avvezione Standard",
                "type": "centroid"
            }
        }
    ]
}